,SMILES,standardized SMILES,INCHIKEY
0,C(=O)(C(C(C(C(C(C(C(C(F)(F)F)(F)F)(F)F)(F)F)(F)F)(F)F)(F)F)(F)F)O,O=C(O)C(F)(F)C(F)(F)C(F)(F)C(F)(F)C(F)(F)C(F)(F)C(F)(F)C(F)(F)F,UZUFPBIDKMEQEQ-UHFFFAOYSA-N
1,C(=O)(C(C(C(C(C(C(C(C(C(F)(F)F)(F)F)(F)F)(F)F)(F)F)(F)F)(F)F)(F)F)(F)F)O,O=C(O)C(F)(F)C(F)(F)C(F)(F)C(F)(F)C(F)(F)C(F)(F)C(F)(F)C(F)(F)C(F)(F)F,PCIUEQPBYFRTEM-UHFFFAOYSA-N
2,C(CO)C(C(C(C(C(C(C(C(C(C(F)(F)F)(F)F)(F)F)(F)F)(F)F)(F)F)(F)F)(F)F)(F)F)(F)F,OCCC(F)(F)C(F)(F)C(F)(F)C(F)(F)C(F)(F)C(F)(F)C(F)(F)C(F)(F)C(F)(F)C(F)(F)F,FLXYIZWPNQYPIT-UHFFFAOYSA-N
3,C(=O)(C(C(C(C(C(C(C(F)(F)F)(F)F)(F)F)(F)F)(F)F)(F)F)(F)F)O,O=C(O)C(F)(F)C(F)(F)C(F)(F)C(F)(F)C(F)(F)C(F)(F)C(F)(F)F,SNGREZUHAYWORS-UHFFFAOYSA-N
4,C(COP(=O)(O)O)C(C(C(C(C(C(C(C(C(C(F)(F)F)(F)F)(F)F)(F)F)(F)F)(F)F)(F)F)(F)F)(F)F)(F)F,O=P(O)(O)OCCC(F)(F)C(F)(F)C(F)(F)C(F)(F)C(F)(F)C(F)(F)C(F)(F)C(F)(F)C(F)(F)C(F)(F)F,MCYKSXMNSXNCIY-UHFFFAOYSA-N
5,C(C(=O)[O-])(C(F)(F)F)O,O=C([O-])C(O)C(F)(F)F,BVKGUTLIPHZYCX-UHFFFAOYSA-M
6,C(CC(F)(F)F)C(=O)[O-],O=C([O-])CCC(F)(F)F,WTUCTMYLCMVYEX-UHFFFAOYSA-M
7,C(=C\C(F)(F)F)/C(=O)[O-],O=C([O-])C=CC(F)(F)F,QZBAYURFHCTXOJ-UHFFFAOYSA-M
8,C(C(=O)[O-])C(F)(F)F,O=C([O-])CC(F)(F)F,KSNKQSPJFRQSEI-UHFFFAOYSA-M
9,C(C(C(=O)[O-])O)C(F)(F)F,O=C([O-])C(O)CC(F)(F)F,FGKVOERQNLHPOO-UHFFFAOYSA-M
10,[CH-](C=O)C(F)(F)F,O=C[CH-]C(F)(F)F,MAUKTDWQZCNIKE-UHFFFAOYSA-N
11,[C-](=O)C(F)(F)F,O=[C-]C(F)(F)F,PCLJWLCYVVQVRY-UHFFFAOYSA-N
12,C(C(C(F)(F)F)O)C(=O)[O-],O=C([O-])CC(O)C(F)(F)F,ASQMUMZEQLWJRC-UHFFFAOYSA-M
13,C(=O)(C(F)(F)F)[O-],O=C([O-])C(F)(F)F,DTQVDTLACAAQTR-UHFFFAOYSA-M
14,C(C(=O)C(F)(F)F)C(=O)[O-],O=C([O-])CC(=O)C(F)(F)F,LIQBKSIZAXKCPA-UHFFFAOYSA-M
15,C(CC(=O)[O-])CC(F)(F)F,O=C([O-])CCCC(F)(F)F,RUEXKRNFAABHHU-UHFFFAOYSA-M
16,C(C(=O)CC(F)(F)F)C(=O)[O-],O=C([O-])CC(=O)CC(F)(F)F,AFWQDTMMYBTEOZ-UHFFFAOYSA-M
17,C(=C\C(=O)[O-])/CC(F)(F)F,O=C([O-])C=CCC(F)(F)F,DNJNMLSOKFTGMW-UHFFFAOYSA-M
18,C(C(CC(F)(F)F)O)C(=O)[O-],O=C([O-])CC(O)CC(F)(F)F,ZLTDHNHHXMDPGA-UHFFFAOYSA-M
19,[CH-](CC(F)(F)F)C=O,O=C[CH-]CC(F)(F)F,BRJQPDDEBLTSDW-UHFFFAOYSA-N
20,C(C(F)(F)O)(F)(F)F,OC(F)(F)C(F)(F)F,NNZZMYIWZFZLHU-UHFFFAOYSA-N
21,C(=O)(C(O)OC(C(F)(F)F)(F)F)[O-],O=C([O-])C(O)OC(F)(F)C(F)(F)F,REWNQICOKDEAFQ-UHFFFAOYSA-M
22,[F-],[F-],KRHYYFGTRYWZRS-UHFFFAOYSA-M
23,C(=O)(C(F)(F)F)O,O=C(O)C(F)(F)F,DTQVDTLACAAQTR-UHFFFAOYSA-N
24,C(C(=O)[O-])OC(C(F)(F)F)(F)F,O=C([O-])COC(F)(F)C(F)(F)F,JBAHPWZULBRKNC-UHFFFAOYSA-M
25,C(=O)(C(=O)[O-])[O-],O=C([O-])C(=O)[O-],MUBZPKHOEPUJKR-UHFFFAOYSA-L
26,C(F)(F)(F)O,OC(F)(F)F,WZCZNEGTXVXAAS-UHFFFAOYSA-N
27,C(C(=O)[O-])OC(F)(F)F,O=C([O-])COC(F)(F)F,CZXZCEUXKFLRHN-UHFFFAOYSA-M
28,C(=O)(C(O)OC(F)(F)F)[O-],O=C([O-])C(O)OC(F)(F)F,YSTZMMUZEOJJHF-UHFFFAOYSA-M
29,CC(C)(COP(=O)(O)OP(=O)(O)OC[C]1[C]([C]([C](N2C=NC3=C2N=CN=C3N)O1)O)OP(=O)(O)O)C(C(=O)NCCC(=O)NCCSC(=O)CC(=O)F)O,CC(C)(COP(=O)(O)OP(=O)(O)OC[C]1O[C](n2cnc3c(N)ncnc32)[C](O)[C]1OP(=O)(O)O)C(O)C(=O)NCCC(=O)NCCSC(=O)CC(=O)F,DXZMPGDUJDCXSU-UHFFFAOYSA-N
30,CC(C)(COP(=O)(O)OP(=O)(O)OC[C@@H]1[C@H]([C@H]([C@H](N2C=NC3=C2N=CN=C3N)O1)O)OP(=O)(O)O)C(C(=O)NCCC(=O)NCCSC(=O)CC(F)(F)F)O,CC(C)(COP(=O)(O)OP(=O)(O)OCC1OC(n2cnc3c(N)ncnc32)C(O)C1OP(=O)(O)O)C(O)C(=O)NCCC(=O)NCCSC(=O)CC(F)(F)F,RVDBCBSNUKXEMD-UHFFFAOYSA-N
31,CC(C)(COP(=O)(O)OP(=O)(O)OC[C]1[C]([C]([C](N2C=NC3=C2N=CN=C3N)O1)O)OP(=O)(O)O)C(C(=O)NCCC(=O)NCCSC(=O)/C=C(/F)\F)O,CC(C)(COP(=O)(O)OP(=O)(O)OC[C]1O[C](n2cnc3c(N)ncnc32)[C](O)[C]1OP(=O)(O)O)C(O)C(=O)NCCC(=O)NCCSC(=O)C=C(F)F,SWOLYPMQXYEIPR-UHFFFAOYSA-N
32,F,F,KRHYYFGTRYWZRS-UHFFFAOYSA-N
33,CC(C)(COP(=O)(O)OP(=O)(O)OC[C@@H]1[C@H]([C@H]([C@H](N2C=NC3=C2N=CN=C3N)O1)O)OP(=O)(O)O)C(C(=O)NCCC(=O)NCCSC(=O)CC(F)(F)O)O,CC(C)(COP(=O)(O)OP(=O)(O)OCC1OC(n2cnc3c(N)ncnc32)C(O)C1OP(=O)(O)O)C(O)C(=O)NCCC(=O)NCCSC(=O)CC(O)(F)F,CKBXUBXXCBZYNN-UHFFFAOYSA-N
34,CC(C)(COP(=O)(O)OP(=O)(O)OC[C@@H]1[C@H]([C@H]([C@H](N2C=NC3=C2N=CN=C3N)O1)O)OP(=O)(O)O)C(C(=O)NCCC(=O)NCCSC(=O)CC(=O)[O-])O,CC(C)(COP(=O)(O)OP(=O)(O)OCC1OC(n2cnc3c(N)ncnc32)C(O)C1OP(=O)(O)O)C(O)C(=O)NCCC(=O)NCCSC(=O)CC(=O)[O-],LTYOQGRJFJAKNA-UHFFFAOYSA-M
35,C(C(=O)O)C(F)(F)F,O=C(O)CC(F)(F)F,KSNKQSPJFRQSEI-UHFFFAOYSA-N
36,C(C(=O)[O-])C(=O)[O-],O=C([O-])CC(=O)[O-],OFOBLEOULBTSOW-UHFFFAOYSA-L
37,C(COC(F)(F)F)C(=O)[O-],O=C([O-])CCOC(F)(F)F,HZYSVGCHQALZGI-UHFFFAOYSA-M
38,C(C(=O)[O-])C(O)OC(F)(F)F,O=C([O-])CC(O)OC(F)(F)F,SKRICLUVNMPTHN-UHFFFAOYSA-M
39,C(CC(C(F)(F)F)(F)F)C(=O)[O-],O=C([O-])CCC(F)(F)C(F)(F)F,HHSIXPRDVJARSI-UHFFFAOYSA-M
40,C(=C(\C(C(F)(F)F)(F)F)/F)/C(=O)[O-],O=C([O-])C=C(F)C(F)(F)C(F)(F)F,ZJJJWFMRGDMLHL-UHFFFAOYSA-M
41,C(C(=O)[O-])(C(C(C(F)(F)F)(F)F)(F)F)O,O=C([O-])C(O)C(F)(F)C(F)(F)C(F)(F)F,CZCPDRGMDRNIGB-UHFFFAOYSA-M
42,[CH-](C=O)C(C(C(F)(F)F)(F)F)(F)F,O=C[CH-]C(F)(F)C(F)(F)C(F)(F)F,OOTZALPUCVRWKL-UHFFFAOYSA-N
43,C(C(=O)[O-])C(C(F)(F)F)(F)F,O=C([O-])CC(F)(F)C(F)(F)F,UVLNQGHDUGHTGV-UHFFFAOYSA-M
44,C(=C\C(C(C(F)(F)F)(F)F)(F)F)/C(=O)[O-],O=C([O-])C=CC(F)(F)C(F)(F)C(F)(F)F,KRBNWYYINLFKND-UHFFFAOYSA-M
45,C(C(C(=O)[O-])O)C(C(C(F)(F)F)(F)F)(F)F,O=C([O-])C(O)CC(F)(F)C(F)(F)C(F)(F)F,WUVNXJKIROXZAH-UHFFFAOYSA-M
46,C(C(=O)[O-])C(C(C(F)(F)F)(F)F)(F)F,O=C([O-])CC(F)(F)C(F)(F)C(F)(F)F,NLAGAXIWWHZGCK-UHFFFAOYSA-M
47,C(CC(C(C(F)(F)F)(F)F)(F)F)C(=O)[O-],O=C([O-])CCC(F)(F)C(F)(F)C(F)(F)F,ISFKSWMQWIRDNC-UHFFFAOYSA-M
48,C(=O)(C(C(F)(F)F)(F)F)[O-],O=C([O-])C(F)(F)C(F)(F)F,LRMSQVBRUNSOJL-UHFFFAOYSA-M
49,C(C(=O)C(C(C(F)(F)F)(F)F)(F)F)C(=O)[O-],O=C([O-])CC(=O)C(F)(F)C(F)(F)C(F)(F)F,YYMGNMAMWUIVEN-UHFFFAOYSA-M
50,C(=O)(C(C(C(F)(F)F)(F)F)(F)F)[O-],O=C([O-])C(F)(F)C(F)(F)C(F)(F)F,YPJUNDFVDDCYIH-UHFFFAOYSA-M
51,C(C(=O)[O-])(C(C(F)(F)F)(F)F)O,O=C([O-])C(O)C(F)(F)C(F)(F)F,JNTFGUKXIMXLRS-UHFFFAOYSA-M
52,C(C(C(=O)[O-])O)C(C(F)(F)F)(F)F,O=C([O-])C(O)CC(F)(F)C(F)(F)F,BSCNIRCLHVGUEU-UHFFFAOYSA-M
53,[C-](=O)C(C(C(F)(F)F)(F)F)(F)F,O=[C-]C(F)(F)C(F)(F)C(F)(F)F,VYCRIWMQBLQDTF-UHFFFAOYSA-N
54,C(=C\C(C(F)(F)F)(F)F)/C(=O)[O-],O=C([O-])C=CC(F)(F)C(F)(F)F,NEEGCEUNMCQJQF-UHFFFAOYSA-M
55,[C-](=O)C(C(F)(F)F)(F)F,O=[C-]C(F)(F)C(F)(F)F,XFFNLSXVZRPNDD-UHFFFAOYSA-N
56,C(C(=O)C(C(F)(F)F)(F)F)C(=O)[O-],O=C([O-])CC(=O)C(F)(F)C(F)(F)F,XGQYALLQYFBMJC-UHFFFAOYSA-M
57,CC(C)(COP(=O)(O)OP(=O)(O)OC[C@@H]1[C@H]([C@H]([C@H](N2C=NC3=C2N=CN=C3N)O1)O)OP(=O)(O)O)C(C(=O)NCCC(=O)NCCSC(=O)CC(/C(=C(\F)/F)/F)O)O,CC(C)(COP(=O)(O)OP(=O)(O)OCC1OC(n2cnc3c(N)ncnc32)C(O)C1OP(=O)(O)O)C(O)C(=O)NCCC(=O)NCCSC(=O)CC(O)C(F)=C(F)F,NWGPJZNLUAPHLD-UHFFFAOYSA-N
58,CC(C)(COP(=O)(O)OP(=O)(O)OC[C]1[C]([C]([C](N2C=NC3=C2N=CN=C3N)O1)O)OP(=O)(O)O)C(C(=O)NCCC(=O)NCCSC(=O)/C=C/C(=C(/F)\F)/F)O,CC(C)(COP(=O)(O)OP(=O)(O)OC[C]1O[C](n2cnc3c(N)ncnc32)[C](O)[C]1OP(=O)(O)O)C(O)C(=O)NCCC(=O)NCCSC(=O)C=CC(F)=C(F)F,KTDPZDQWHTVCPI-UHFFFAOYSA-N
59,C(CC(=O)[O-])/C(=C(/F)\F)/F,O=C([O-])CCC(F)=C(F)F,YWHZHTHRRXAUFQ-UHFFFAOYSA-M
60,CC(C)(COP(=O)(O)OP(=O)(O)OC[C]1[C]([C]([C](N2C=NC3=C2N=CN=C3N)O1)O)OP(=O)(O)O)C(C(=O)NCCC(=O)NCCSC(=O)C(C(F)(F)O)F)O,CC(C)(COP(=O)(O)OP(=O)(O)OC[C]1O[C](n2cnc3c(N)ncnc32)[C](O)[C]1OP(=O)(O)O)C(O)C(=O)NCCC(=O)NCCSC(=O)C(F)C(O)(F)F,PPKXJAPYHAUUHX-UHFFFAOYSA-N
61,CC(C)(COP(=O)(O)OP(=O)(O)OC[C@@H]1[C@H]([C@H]([C@H](N2C=NC3=C2N=CN=C3N)O1)O)OP(=O)(O)O)C(C(=O)NCCC(=O)NCCSC(=O)C(C(=O)F)F)O,CC(C)(COP(=O)(O)OP(=O)(O)OCC1OC(n2cnc3c(N)ncnc32)C(O)C1OP(=O)(O)O)C(O)C(=O)NCCC(=O)NCCSC(=O)C(F)C(=O)F,SYBRENHPANBUAP-UHFFFAOYSA-N
62,CC(C)(COP(=O)(O)OP(=O)(O)OC[C@@H]1[C@H]([C@H]([C@H](N2C=NC3=C2N=CN=C3N)O1)O)OP(=O)(O)O)C(C(=O)NCCC(=O)NCCSC(=O)CC/C(=C(\F)/F)/F)O,CC(C)(COP(=O)(O)OP(=O)(O)OCC1OC(n2cnc3c(N)ncnc32)C(O)C1OP(=O)(O)O)C(O)C(=O)NCCC(=O)NCCSC(=O)CCC(F)=C(F)F,GGVFQMYGROREEZ-UHFFFAOYSA-N
63,CC(C)(COP(=O)(O)OP(=O)(O)OC[C]1[C]([C]([C](N2C=NC3=C2N=CN=C3N)O1)O)OP(=O)(O)O)C(C(=O)NCCC(=O)NCCSC(=O)/C(=C(\F)/F)/F)O,CC(C)(COP(=O)(O)OP(=O)(O)OC[C]1O[C](n2cnc3c(N)ncnc32)[C](O)[C]1OP(=O)(O)O)C(O)C(=O)NCCC(=O)NCCSC(=O)C(F)=C(F)F,IBYRJUMKGZQYBI-UHFFFAOYSA-N
64,CC(C)(COP(=O)(O)OP(=O)(O)OC[C]1[C]([C]([C](N2C=NC3=C2N=CN=C3N)O1)O)OP(=O)(O)O)C(C(=O)NCCC(=O)NCCSC(=O)C(C(=O)[O-])F)O,CC(C)(COP(=O)(O)OP(=O)(O)OC[C]1O[C](n2cnc3c(N)ncnc32)[C](O)[C]1OP(=O)(O)O)C(O)C(=O)NCCC(=O)NCCSC(=O)C(F)C(=O)[O-],OATKGRDKRNIOFQ-UHFFFAOYSA-M
65,C(CS(=O)(=O)[O-])C(C(C(C(F)(F)F)(F)F)(F)F)(F)F,O=S(=O)([O-])CCC(F)(F)C(F)(F)C(F)(F)C(F)(F)F,TXGIGTRUEITPSC-UHFFFAOYSA-M
66,[CH-](C=O)C(C(F)(F)F)(F)F,O=C[CH-]C(F)(F)C(F)(F)F,SERXUANIUBGOAA-UHFFFAOYSA-N
67,C(C(=O)O)(C(C(C(C(F)(F)F)(F)F)(F)F)(F)F)O,O=C(O)C(O)C(F)(F)C(F)(F)C(F)(F)C(F)(F)F,SWPJKZQOLDEXNB-UHFFFAOYSA-N
68,C(C(C(C(C(C(F)(F)F)(F)F)(F)F)(F)F)O)S(=O)(=O)[O-],O=S(=O)([O-])CC(O)C(F)(F)C(F)(F)C(F)(F)C(F)(F)F,CLKKXXTUBIGOTC-UHFFFAOYSA-M
69,[C-](=O)C(C(C(C(F)(F)F)(F)F)(F)F)(F)F,O=[C-]C(F)(F)C(F)(F)C(F)(F)C(F)(F)F,ZJBOEMSPZGSZSZ-UHFFFAOYSA-N
70,C(C(=O)[O-])C(C(C(C(F)(F)F)(F)F)(F)F)(F)F,O=C([O-])CC(F)(F)C(F)(F)C(F)(F)C(F)(F)F,PMNVMTIBUIRJHZ-UHFFFAOYSA-M
71,C(=C(\C(C(C(F)(F)F)(F)F)(F)F)/F)/C(=O)[O-],O=C([O-])C=C(F)C(F)(F)C(F)(F)C(F)(F)F,CMFAKTRZLATJOA-UHFFFAOYSA-M
72,C(=O)(C(C(C(C(F)(F)F)(F)F)(F)F)(F)F)[O-],O=C([O-])C(F)(F)C(F)(F)C(F)(F)C(F)(F)F,CXZGQIAOTKWCDB-UHFFFAOYSA-M
73,[CH-](C=O)C(C(C(C(F)(F)F)(F)F)(F)F)(F)F,O=C[CH-]C(F)(F)C(F)(F)C(F)(F)C(F)(F)F,YUNXXDPQBWGUEV-UHFFFAOYSA-N
74,C(C[O-])C(C(C(C(F)(F)F)(F)F)(F)F)(F)F,[O-]CCC(F)(F)C(F)(F)C(F)(F)C(F)(F)F,AIVGSDQUEGYUQL-UHFFFAOYSA-N
75,C(C(C(C(F)(F)F)(F)F)O)C(=O)[O-],O=C([O-])CC(O)C(F)(F)C(F)(F)F,ZYPIPHPPKPCWMR-UHFFFAOYSA-M
76,C(=C\S(=O)(=O)[O-])/C(C(C(C(F)(F)F)(F)F)(F)F)(F)F,O=S(=O)([O-])C=CC(F)(F)C(F)(F)C(F)(F)C(F)(F)F,RSEVEDLCRGNOHU-UHFFFAOYSA-M
77,C(C(=O)C(C(C(C(F)(F)F)(F)F)(F)F)(F)F)S(=O)(=O)[O-],O=C(CS(=O)(=O)[O-])C(F)(F)C(F)(F)C(F)(F)C(F)(F)F,NGVZESOAYLJRCN-UHFFFAOYSA-M
78,CC(C)(CS(=O)(=O)O)NC(=O)CCS(=O)(=O)CCC(C(C(C(F)(F)F)(F)F)(F)F)(F)F,CC(C)(CS(=O)(=O)O)NC(=O)CCS(=O)(=O)CCC(F)(F)C(F)(F)C(F)(F)C(F)(F)F,MDGZRVCSTWUTMU-UHFFFAOYSA-N
79,CC(C)(CS(=O)(=O)O)NC(=O)CCSCCC(C(C(C(F)(F)F)(F)F)(F)F)(F)F,CC(C)(CS(=O)(=O)O)NC(=O)CCSCCC(F)(F)C(F)(F)C(F)(F)C(F)(F)F,VIHJAWYQCFERKN-UHFFFAOYSA-N
80,CC(C)(CS(=O)(=O)O)NC(=O)CCS(=O)CCC(C(C(C(F)(F)F)(F)F)(F)F)(F)F,CC(C)(CS(=O)(=O)O)NC(=O)CCS(=O)CCC(F)(F)C(F)(F)C(F)(F)C(F)(F)F,WVSBUXQVQMSEID-UHFFFAOYSA-N
81,C(CC(C(C(F)(F)F)(F)F)(F)F)C(=O)O,O=C(O)CCC(F)(F)C(F)(F)C(F)(F)F,ISFKSWMQWIRDNC-UHFFFAOYSA-N
82,C(=O)(C(C(C(F)(F)F)(F)F)(F)F)O,O=C(O)C(F)(F)C(F)(F)C(F)(F)F,YPJUNDFVDDCYIH-UHFFFAOYSA-N
83,C(=C(\C(C(C(F)(F)F)(F)F)(F)F)/F)/C(=O)O,O=C(O)C=C(F)C(F)(F)C(F)(F)C(F)(F)F,CMFAKTRZLATJOA-UHFFFAOYSA-N
84,C(CS(=O)(=O)O)C(C(C(C(F)(F)F)(F)F)(F)F)(F)F,O=S(=O)(O)CCC(F)(F)C(F)(F)C(F)(F)C(F)(F)F,TXGIGTRUEITPSC-UHFFFAOYSA-N
85,C(CO)C(C(C(C(F)(F)F)(F)F)(F)F)(F)F,OCCC(F)(F)C(F)(F)C(F)(F)C(F)(F)F,JCMNMOBHVPONLD-UHFFFAOYSA-N
86,C(COP(=O)(O)O)C(C(C(C(F)(F)F)(F)F)(F)F)(F)F,O=P(O)(O)OCCC(F)(F)C(F)(F)C(F)(F)C(F)(F)F,BBLFCNLVILKUEU-UHFFFAOYSA-N
87,CC(C)(COP(=O)(O)OP(=O)(O)OC[C]1[C]([C]([C](N2C=NC3=C2N=CN=C3N)O1)O)OP(=O)(O)O)C(C(=O)NCCC(=O)NCCSC(=O)/C=C/CC(F)(F)F)O,CC(C)(COP(=O)(O)OP(=O)(O)OC[C]1O[C](n2cnc3c(N)ncnc32)[C](O)[C]1OP(=O)(O)O)C(O)C(=O)NCCC(=O)NCCSC(=O)C=CCC(F)(F)F,ODDYDECJLMUNBE-UHFFFAOYSA-N
88,CC(C)(COP(=O)(O)OP(=O)(O)OC[C@@H]1[C@H]([C@H]([C@H](N2C=NC3=C2N=CN=C3N)O1)O)OP(=O)(O)O)C(C(=O)NCCC(=O)NCCSC(=O)CCCC(F)(F)F)O,CC(C)(COP(=O)(O)OP(=O)(O)OCC1OC(n2cnc3c(N)ncnc32)C(O)C1OP(=O)(O)O)C(O)C(=O)NCCC(=O)NCCSC(=O)CCCC(F)(F)F,WOAWOTWOMUZGOC-UHFFFAOYSA-N
89,CC(C)(COP(=O)(O)OP(=O)(O)OC[C]1[C]([C]([C](N2C=NC3=C2N=CN=C3N)O1)O)OP(=O)(O)O)C(C(=O)NCCC(=O)NCCSC(=O)CC(=O)CC(F)(F)F)O,CC(C)(COP(=O)(O)OP(=O)(O)OC[C]1O[C](n2cnc3c(N)ncnc32)[C](O)[C]1OP(=O)(O)O)C(O)C(=O)NCCC(=O)NCCSC(=O)CC(=O)CC(F)(F)F,RFNCTUZUTDWBJR-UHFFFAOYSA-N
90,C(CC(=O)O)CC(F)(F)F,O=C(O)CCCC(F)(F)F,RUEXKRNFAABHHU-UHFFFAOYSA-N
91,CC(C)(COP(=O)(O)OP(=O)(O)OC[C@@H]1[C@H]([C@H]([C@H](N2C=NC3=C2N=CN=C3N)O1)O)OP(=O)(O)O)C(C(=O)NCCC(=O)NCCSC(=O)CC(CC(F)(F)F)O)O,CC(C)(COP(=O)(O)OP(=O)(O)OCC1OC(n2cnc3c(N)ncnc32)C(O)C1OP(=O)(O)O)C(O)C(=O)NCCC(=O)NCCSC(=O)CC(O)CC(F)(F)F,KEZHGJUPSOUTOA-UHFFFAOYSA-N
92,C(=O)(C(C(C(C(C(F)(F)F)(F)F)(F)F)(F)F)(F)F)[O-],O=C([O-])C(F)(F)C(F)(F)C(F)(F)C(F)(F)C(F)(F)F,PXUULQAPEKKVAH-UHFFFAOYSA-M
93,C(CC(C(C(C(F)(F)F)(F)F)(F)F)(F)F)C(=O)[O-],O=C([O-])CCC(F)(F)C(F)(F)C(F)(F)C(F)(F)F,QWHCZVLZUPZGSI-UHFFFAOYSA-M
94,C(C(C(=O)[O-])O)C(C(C(C(C(F)(F)F)(F)F)(F)F)(F)F)(F)F,O=C([O-])C(O)CC(F)(F)C(F)(F)C(F)(F)C(F)(F)C(F)(F)F,RAPSXLVXMPNRGD-UHFFFAOYSA-M
95,C(C(C(=O)[O-])O)C(C(C(C(F)(F)F)(F)F)(F)F)(F)F,O=C([O-])C(O)CC(F)(F)C(F)(F)C(F)(F)C(F)(F)F,SZBSIZRQZVQGIQ-UHFFFAOYSA-M
96,[CH-](C=O)C(C(C(C(C(F)(F)F)(F)F)(F)F)(F)F)(F)F,O=C[CH-]C(F)(F)C(F)(F)C(F)(F)C(F)(F)C(F)(F)F,OKYSXUIRJIUDMJ-UHFFFAOYSA-N
97,C(=C(\C(C(C(C(C(F)(F)F)(F)F)(F)F)(F)F)(F)F)/F)/C(=O)[O-],O=C([O-])C=C(F)C(F)(F)C(F)(F)C(F)(F)C(F)(F)C(F)(F)F,BKOBFLVYTXYFQZ-UHFFFAOYSA-M
98,C(=C(\C(C(C(C(F)(F)F)(F)F)(F)F)(F)F)/F)/C(=O)[O-],O=C([O-])C=C(F)C(F)(F)C(F)(F)C(F)(F)C(F)(F)F,VLQRWBZMXZAWNQ-UHFFFAOYSA-M
99,C(C(=O)[O-])(C(C(C(C(F)(F)F)(F)F)(F)F)(F)F)O,O=C([O-])C(O)C(F)(F)C(F)(F)C(F)(F)C(F)(F)F,SWPJKZQOLDEXNB-UHFFFAOYSA-M
100,C(C(=O)C(C(C(C(F)(F)F)(F)F)(F)F)(F)F)C(=O)[O-],O=C([O-])CC(=O)C(F)(F)C(F)(F)C(F)(F)C(F)(F)F,XFXYRIRLWPLYFD-UHFFFAOYSA-M
101,C(C(=O)[O-])(C(C(C(C(C(F)(F)F)(F)F)(F)F)(F)F)(F)F)O,O=C([O-])C(O)C(F)(F)C(F)(F)C(F)(F)C(F)(F)C(F)(F)F,RNYBWCYKYRDUSH-UHFFFAOYSA-M
102,C(CC(C(C(C(C(F)(F)F)(F)F)(F)F)(F)F)(F)F)C(=O)[O-],O=C([O-])CCC(F)(F)C(F)(F)C(F)(F)C(F)(F)C(F)(F)F,ABFCFCPCGMHSRX-UHFFFAOYSA-M
103,C(=C\C(C(C(C(C(F)(F)F)(F)F)(F)F)(F)F)(F)F)/C(=O)[O-],O=C([O-])C=CC(F)(F)C(F)(F)C(F)(F)C(F)(F)C(F)(F)F,UGMLUHQLUFIGNF-UHFFFAOYSA-M
104,[C-](=O)C(C(C(C(C(F)(F)F)(F)F)(F)F)(F)F)(F)F,O=[C-]C(F)(F)C(F)(F)C(F)(F)C(F)(F)C(F)(F)F,RMLHIHZKKMIIQD-UHFFFAOYSA-N
105,C(=C\C(C(C(C(F)(F)F)(F)F)(F)F)(F)F)/C(=O)[O-],O=C([O-])C=CC(F)(F)C(F)(F)C(F)(F)C(F)(F)F,OYQPFWFQTWYFRR-UHFFFAOYSA-M
106,C(C(=O)[O-])C(C(C(C(C(F)(F)F)(F)F)(F)F)(F)F)(F)F,O=C([O-])CC(F)(F)C(F)(F)C(F)(F)C(F)(F)C(F)(F)F,KDHKNZMUAYFSHV-UHFFFAOYSA-M
107,C(C(=O)C(C(C(C(C(F)(F)F)(F)F)(F)F)(F)F)(F)F)C(=O)[O-],O=C([O-])CC(=O)C(F)(F)C(F)(F)C(F)(F)C(F)(F)C(F)(F)F,CCGLSBOPNHAYSS-UHFFFAOYSA-M
108,C(C(C(C(C(F)(F)F)(F)F)(F)F)O)C(=O)[O-],O=C([O-])CC(O)C(F)(F)C(F)(F)C(F)(F)F,MQQQKVVUUWEUMD-UHFFFAOYSA-M
109,C(C(C(C(C(C(F)(F)F)(F)F)(F)F)(F)F)O)C(=O)[O-],O=C([O-])CC(O)C(F)(F)C(F)(F)C(F)(F)C(F)(F)F,IRRQWPIJDVAXEQ-UHFFFAOYSA-M
110,C(C(=O)O)C(C(C(C(F)(F)F)(F)F)(F)F)(F)F,O=C(O)CC(F)(F)C(F)(F)C(F)(F)C(F)(F)F,PMNVMTIBUIRJHZ-UHFFFAOYSA-N
111,C(C(C(=O)O)O)C(C(C(C(C(F)(F)F)(F)F)(F)F)(F)F)(F)F,O=C(O)C(O)CC(F)(F)C(F)(F)C(F)(F)C(F)(F)C(F)(F)F,RAPSXLVXMPNRGD-UHFFFAOYSA-N
112,C(C=O)C(C(C(C(C(F)(F)F)(F)F)(F)F)(F)F)(F)F,O=CCC(F)(F)C(F)(F)C(F)(F)C(F)(F)C(F)(F)F,HVJCLAKQHMMQJA-UHFFFAOYSA-N
113,C(C(C(=O)O)O)C(C(C(C(F)(F)F)(F)F)(F)F)(F)F,O=C(O)C(O)CC(F)(F)C(F)(F)C(F)(F)C(F)(F)F,SZBSIZRQZVQGIQ-UHFFFAOYSA-N
114,C(=C\C(C(C(C(C(F)(F)F)(F)F)(F)F)(F)F)(F)F)/C(=O)O,O=C(O)C=CC(F)(F)C(F)(F)C(F)(F)C(F)(F)C(F)(F)F,UGMLUHQLUFIGNF-UHFFFAOYSA-N
115,C(=O)(C(C(C(C(F)(F)F)(F)F)(F)F)(F)F)O,O=C(O)C(F)(F)C(F)(F)C(F)(F)C(F)(F)F,CXZGQIAOTKWCDB-UHFFFAOYSA-N
116,C(C(=O)O)C(C(C(C(C(F)(F)F)(F)F)(F)F)(F)F)(F)F,O=C(O)CC(F)(F)C(F)(F)C(F)(F)C(F)(F)C(F)(F)F,KDHKNZMUAYFSHV-UHFFFAOYSA-N
117,C(CC(C(C(C(C(F)(F)F)(F)F)(F)F)(F)F)(F)F)C(=O)O,O=C(O)CCC(F)(F)C(F)(F)C(F)(F)C(F)(F)C(F)(F)F,ABFCFCPCGMHSRX-UHFFFAOYSA-N
118,C(=C(\C(C(C(C(F)(F)F)(F)F)(F)F)(F)F)/F)/C(=O)O,O=C(O)C=C(F)C(F)(F)C(F)(F)C(F)(F)C(F)(F)F,VLQRWBZMXZAWNQ-UHFFFAOYSA-N
119,C(CC(C(C(C(F)(F)F)(F)F)(F)F)(F)F)C(=O)O,O=C(O)CCC(F)(F)C(F)(F)C(F)(F)C(F)(F)F,QWHCZVLZUPZGSI-UHFFFAOYSA-N
120,CC(C(C(C(C(F)(F)F)(F)F)(F)F)(F)F)O,CC(O)C(F)(F)C(F)(F)C(F)(F)C(F)(F)F,OLZBAXOPOHGUSK-UHFFFAOYSA-N
121,CC(=O)C(C(C(C(F)(F)F)(F)F)(F)F)(F)F,CC(=O)C(F)(F)C(F)(F)C(F)(F)C(F)(F)F,LPPFRPMJUNOKRS-UHFFFAOYSA-N
122,C(=C\C(C(C(F)(F)F)(F)F)(F)F)/C(=O)O,O=C(O)C=CC(F)(F)C(F)(F)C(F)(F)F,KRBNWYYINLFKND-UHFFFAOYSA-N
123,C(C=O)C(C(C(C(F)(F)F)(F)F)(F)F)(F)F,O=CCC(F)(F)C(F)(F)C(F)(F)C(F)(F)F,PLXBWBKXCKSJRL-UHFFFAOYSA-N
124,C(=C\C(C(C(C(F)(F)F)(F)F)(F)F)(F)F)/C(=O)O,O=C(O)C=CC(F)(F)C(F)(F)C(F)(F)C(F)(F)F,OYQPFWFQTWYFRR-UHFFFAOYSA-N
125,CC(C)(CS(=O)(=O)O)NC(=O)CCS(=O)(=O)CCC(C(C(C(C(C(F)(F)F)(F)F)(F)F)(F)F)(F)F)(F)F,CC(C)(CS(=O)(=O)O)NC(=O)CCS(=O)(=O)CCC(F)(F)C(F)(F)C(F)(F)C(F)(F)C(F)(F)C(F)(F)F,RZBHYDQKJKDSNP-UHFFFAOYSA-N
126,C(C(=O)C(C(C(C(C(C(F)(F)F)(F)F)(F)F)(F)F)(F)F)(F)F)S(=O)(=O)O,O=C(CS(=O)(=O)O)C(F)(F)C(F)(F)C(F)(F)C(F)(F)C(F)(F)C(F)(F)F,RYYZCEGLQCTTCQ-UHFFFAOYSA-N
127,C(C(C(C(C(C(C(C(F)(F)F)(F)F)(F)F)(F)F)(F)F)(F)F)O)S(=O)(=O)O,O=S(=O)(O)CC(O)C(F)(F)C(F)(F)C(F)(F)C(F)(F)C(F)(F)C(F)(F)F,HIURNVGOZFXYRH-UHFFFAOYSA-N
128,C(=O)(C(C(C(C(C(F)(F)F)(F)F)(F)F)(F)F)(F)F)O,O=C(O)C(F)(F)C(F)(F)C(F)(F)C(F)(F)C(F)(F)F,PXUULQAPEKKVAH-UHFFFAOYSA-N
129,C(CS(=O)(=O)O)C(C(C(C(C(C(F)(F)F)(F)F)(F)F)(F)F)(F)F)(F)F,O=S(=O)(O)CCC(F)(F)C(F)(F)C(F)(F)C(F)(F)C(F)(F)C(F)(F)F,VIONGDJUYAYOPU-UHFFFAOYSA-N
130,C(=O)(C(C(C(C(C(C(F)(F)F)(F)F)(F)F)(F)F)(F)F)(F)F)O,O=C(O)C(F)(F)C(F)(F)C(F)(F)C(F)(F)C(F)(F)C(F)(F)F,ZWBAMYVPMDSJGQ-UHFFFAOYSA-N
131,C(C=O)C(C(C(C(C(C(F)(F)F)(F)F)(F)F)(F)F)(F)F)(F)F,O=CCC(F)(F)C(F)(F)C(F)(F)C(F)(F)C(F)(F)C(F)(F)F,WJSFZGPTEQNWCB-UHFFFAOYSA-N
132,CNCCCNS(=O)(=O)CCC(C(C(C(C(C(F)(F)F)(F)F)(F)F)(F)F)(F)F)(F)F,CNCCCNS(=O)(=O)CCC(F)(F)C(F)(F)C(F)(F)C(F)(F)C(F)(F)C(F)(F)F,ATVLXKVTLCASLQ-UHFFFAOYSA-N
133,C(=C(\C(C(C(C(C(F)(F)F)(F)F)(F)F)(F)F)(F)F)/F)/C(=O)O,O=C(O)C=C(F)C(F)(F)C(F)(F)C(F)(F)C(F)(F)C(F)(F)F,BKOBFLVYTXYFQZ-UHFFFAOYSA-N
134,C(=C(\C(C(C(C(C(F)(F)F)(F)F)(F)F)(F)F)(F)F)/F)/C=O,O=CC=C(F)C(F)(F)C(F)(F)C(F)(F)C(F)(F)C(F)(F)F,IRFCYNBOXLFPAS-UHFFFAOYSA-N
135,CC(C(C(C(C(C(F)(F)F)(F)F)(F)F)(F)F)(F)F)O,CC(O)C(F)(F)C(F)(F)C(F)(F)C(F)(F)C(F)(F)F,QOYNEVFKTZVANM-UHFFFAOYSA-N
136,C[N+](C)(CCCNS(=O)(=O)CCC(C(C(C(C(C(F)(F)F)(F)F)(F)F)(F)F)(F)F)(F)F)CC(=O)[O-],C[N+](C)(CCCNS(=O)(=O)CCC(F)(F)C(F)(F)C(F)(F)C(F)(F)C(F)(F)C(F)(F)F)CC(=O)[O-],OKOCIUJVPQKDLL-UHFFFAOYSA-N
137,C(CNS(=O)(=O)CCC(C(C(C(C(C(F)(F)F)(F)F)(F)F)(F)F)(F)F)(F)F)C(=O)O,O=C(O)CCNS(=O)(=O)CCC(F)(F)C(F)(F)C(F)(F)C(F)(F)C(F)(F)C(F)(F)F,PFQMXWGWLBXTCF-UHFFFAOYSA-N
138,C(C(=O)O)C(C(C(C(C(C(F)(F)F)(F)F)(F)F)(F)F)(F)F)(F)F,O=C(O)CC(F)(F)C(F)(F)C(F)(F)C(F)(F)C(F)(F)C(F)(F)F,LRWIIEJPCFNNCZ-UHFFFAOYSA-N
139,C(CS(=O)(=O)[O-])C(C(C(C(C(C(F)(F)F)(F)F)(F)F)(F)F)(F)F)(F)F,O=S(=O)([O-])CCC(F)(F)C(F)(F)C(F)(F)C(F)(F)C(F)(F)C(F)(F)F,VIONGDJUYAYOPU-UHFFFAOYSA-M
140,C(CS(=O)(=O)N)C(C(C(C(C(C(F)(F)F)(F)F)(F)F)(F)F)(F)F)(F)F,NS(=O)(=O)CCC(F)(F)C(F)(F)C(F)(F)C(F)(F)C(F)(F)C(F)(F)F,SQAFCSVGKMMETM-UHFFFAOYSA-N
141,C(CO)C(C(C(C(C(C(F)(F)F)(F)F)(F)F)(F)F)(F)F)(F)F,OCCC(F)(F)C(F)(F)C(F)(F)C(F)(F)C(F)(F)C(F)(F)F,GRJRKPMIRMSBNK-UHFFFAOYSA-N
142,C(CN)CNS(=O)(=O)CCC(C(C(C(C(C(F)(F)F)(F)F)(F)F)(F)F)(F)F)(F)F,NCCCNS(=O)(=O)CCC(F)(F)C(F)(F)C(F)(F)C(F)(F)C(F)(F)C(F)(F)F,DLNFICFQUIYVBX-UHFFFAOYSA-N
143,CN(C)CCCNS(=O)(=O)CCC(C(C(C(C(C(F)(F)F)(F)F)(F)F)(F)F)(F)F)(F)F,CN(C)CCCNS(=O)(=O)CCC(F)(F)C(F)(F)C(F)(F)C(F)(F)C(F)(F)C(F)(F)F,TZIPMEZQXPAKPK-UHFFFAOYSA-N
144,CC(=O)C(C(C(C(C(F)(F)F)(F)F)(F)F)(F)F)(F)F,CC(=O)C(F)(F)C(F)(F)C(F)(F)C(F)(F)C(F)(F)F,HWGNOHFZECDUBX-UHFFFAOYSA-N
145,CN(CCCNS(=O)(=O)CCC(C(C(C(C(C(F)(F)F)(F)F)(F)F)(F)F)(F)F)(F)F)CO,CN(CO)CCCNS(=O)(=O)CCC(F)(F)C(F)(F)C(F)(F)C(F)(F)C(F)(F)C(F)(F)F,KGQBAPGQJSLZSK-UHFFFAOYSA-N
146,C(CNS(=O)(=O)CCC(C(C(C(C(C(F)(F)F)(F)F)(F)F)(F)F)(F)F)(F)F)CO,O=S(=O)(CCC(F)(F)C(F)(F)C(F)(F)C(F)(F)C(F)(F)C(F)(F)F)NCCCO,WCTIWFIWSNWSMQ-UHFFFAOYSA-N
147,C(CNS(=O)(=O)CCC(C(C(C(C(C(F)(F)F)(F)F)(F)F)(F)F)(F)F)(F)F)C=O,O=CCCNS(=O)(=O)CCC(F)(F)C(F)(F)C(F)(F)C(F)(F)C(F)(F)C(F)(F)F,JOZNZKNHTRLKIW-UHFFFAOYSA-N
148,C(COS(=O)(=O)[O-])C(C(C(C(C(C(F)(F)F)(F)F)(F)F)(F)F)(F)F)(F)F,O=S(=O)([O-])OCCC(F)(F)C(F)(F)C(F)(F)C(F)(F)C(F)(F)C(F)(F)F,BGJBRLCWYHDOSY-UHFFFAOYSA-M
149,C(CI)C(C(C(C(C(C(F)(F)F)(F)F)(F)F)(F)F)(F)F)(F)F,FC(F)(F)C(F)(F)C(F)(F)C(F)(F)C(F)(F)C(F)(F)CCI,NVVZEKTVIXIUKW-UHFFFAOYSA-N
150,C(=C\I)/C(C(C(C(C(C(F)(F)F)(F)F)(F)F)(F)F)(F)F)(F)F,FC(F)(F)C(F)(F)C(F)(F)C(F)(F)C(F)(F)C(F)(F)C=CI,WDWNMIBWWPZNJK-UHFFFAOYSA-N
151,CN(CCC(=O)O)S(=O)(=O)CCC(C(C(C(C(C(F)(F)F)(F)F)(F)F)(F)F)(F)F)(F)F,CN(CCC(=O)O)S(=O)(=O)CCC(F)(F)C(F)(F)C(F)(F)C(F)(F)C(F)(F)C(F)(F)F,KYFUWFCEYKEQNS-UHFFFAOYSA-N
152,C(CS(=O)(=O)NCCO)C(C(C(C(C(C(F)(F)F)(F)F)(F)F)(F)F)(F)F)(F)F,O=S(=O)(CCC(F)(F)C(F)(F)C(F)(F)C(F)(F)C(F)(F)C(F)(F)F)NCCO,BLIWNMRWJWOCKX-UHFFFAOYSA-N
153,CCNS(=O)(=O)CCC(C(C(C(C(C(F)(F)F)(F)F)(F)F)(F)F)(F)F)(F)F,CCNS(=O)(=O)CCC(F)(F)C(F)(F)C(F)(F)C(F)(F)C(F)(F)C(F)(F)F,YNFDMFIVKADZBI-UHFFFAOYSA-N
154,C(CS(=O)(=O)NC=O)C(C(C(C(C(C(F)(F)F)(F)F)(F)F)(F)F)(F)F)(F)F,O=CNS(=O)(=O)CCC(F)(F)C(F)(F)C(F)(F)C(F)(F)C(F)(F)C(F)(F)F,DCBYAGLGFZQCES-UHFFFAOYSA-N
155,C/[N+](=C\CCNS(=O)(=O)CCC(C(C(C(C(C(F)(F)F)(F)F)(F)F)(F)F)(F)F)(F)F)/C,C[N+](C)=CCCNS(=O)(=O)CCC(F)(F)C(F)(F)C(F)(F)C(F)(F)C(F)(F)C(F)(F)F,JGPZALKFXRCUOS-UHFFFAOYSA-N
156,C(CS(=O)(=O)NCC(=O)O)C(C(C(C(C(C(F)(F)F)(F)F)(F)F)(F)F)(F)F)(F)F,O=C(O)CNS(=O)(=O)CCC(F)(F)C(F)(F)C(F)(F)C(F)(F)C(F)(F)C(F)(F)F,QINMVTQAAHMAJO-UHFFFAOYSA-N
157,CCC(C)C(C(=O)NS(=O)(=O)CCC(C(C(C(C(C(F)(F)F)(F)F)(F)F)(F)F)(F)F)(F)F)N,CCC(C)C(N)C(=O)NS(=O)(=O)CCC(F)(F)C(F)(F)C(F)(F)C(F)(F)C(F)(F)C(F)(F)F,ZMCVKRCIDDWZGY-UHFFFAOYSA-N
158,CCCC(C(=O)NS(=O)(=O)CCC(C(C(C(C(C(F)(F)F)(F)F)(F)F)(F)F)(F)F)(F)F)N,CCCC(N)C(=O)NS(=O)(=O)CCC(F)(F)C(F)(F)C(F)(F)C(F)(F)C(F)(F)C(F)(F)F,JHNORKWWCGWRGL-UHFFFAOYSA-N
159,C[N+](C)(CCCNS(=O)(=O)CCC(C(C(C(C(C(F)(F)F)(F)F)(F)F)(F)F)(F)F)(F)F)[O-],C[N+](C)([O-])CCCNS(=O)(=O)CCC(F)(F)C(F)(F)C(F)(F)C(F)(F)C(F)(F)C(F)(F)F,KBDMGVIUNQWTND-UHFFFAOYSA-N
160,C(CS(=O)(=O)NCC=O)C(C(C(C(C(C(F)(F)F)(F)F)(F)F)(F)F)(F)F)(F)F,O=CCNS(=O)(=O)CCC(F)(F)C(F)(F)C(F)(F)C(F)(F)C(F)(F)C(F)(F)F,FYLWWOGTNUIFQX-UHFFFAOYSA-N
161,C(=C\C(C(C(C(C(F)(F)F)(F)F)(F)F)(F)F)(F)F)/C(=O)N,NC(=O)C=CC(F)(F)C(F)(F)C(F)(F)C(F)(F)C(F)(F)F,BPLMTYVELYZDNI-UHFFFAOYSA-N
162,C(C=O)C(=O)C(C(C(C(C(F)(F)F)(F)F)(F)F)(F)F)(F)F,O=CCC(=O)C(F)(F)C(F)(F)C(F)(F)C(F)(F)C(F)(F)F,GNNRSTICVGKBFL-UHFFFAOYSA-N
163,C(C(C(C(C(C(C(F)(F)F)(F)F)(F)F)(F)F)(F)F)O)C(=O)O,O=C(O)CC(O)C(F)(F)C(F)(F)C(F)(F)C(F)(F)C(F)(F)F,USTCZZNESVCBNI-UHFFFAOYSA-N
164,C(C(C(C(C(C(C(F)(F)F)(F)F)(F)F)(F)F)(F)F)F)C(=O)O,O=C(O)CC(F)C(F)(F)C(F)(F)C(F)(F)C(F)(F)C(F)(F)F,VRDYFGAPTXONQX-UHFFFAOYSA-N
165,C(=C\S(=O)(=O)[O-])/C(C(C(C(C(C(F)(F)F)(F)F)(F)F)(F)F)(F)F)(F)F,O=S(=O)([O-])C=CC(F)(F)C(F)(F)C(F)(F)C(F)(F)C(F)(F)C(F)(F)F,DPLOQFIHXVSMMN-UHFFFAOYSA-M
166,C(=O)(C(C(C(C(C(C(F)(F)F)(F)F)(F)F)(F)F)(F)F)(F)F)[O-],O=C([O-])C(F)(F)C(F)(F)C(F)(F)C(F)(F)C(F)(F)C(F)(F)F,ZWBAMYVPMDSJGQ-UHFFFAOYSA-M
167,C(C(=O)[O-])(C(C(C(C(C(C(F)(F)F)(F)F)(F)F)(F)F)(F)F)(F)F)O,O=C([O-])C(O)C(F)(F)C(F)(F)C(F)(F)C(F)(F)C(F)(F)C(F)(F)F,VKPVCRZYYZODHS-UHFFFAOYSA-M
168,[C-](=O)C(C(C(C(C(C(F)(F)F)(F)F)(F)F)(F)F)(F)F)(F)F,O=[C-]C(F)(F)C(F)(F)C(F)(F)C(F)(F)C(F)(F)C(F)(F)F,KTUFOTFGTBQEJN-UHFFFAOYSA-N
169,C(C(C(C(C(C(C(C(F)(F)F)(F)F)(F)F)(F)F)(F)F)(F)F)O)S(=O)(=O)[O-],O=S(=O)([O-])CC(O)C(F)(F)C(F)(F)C(F)(F)C(F)(F)C(F)(F)C(F)(F)F,HIURNVGOZFXYRH-UHFFFAOYSA-M
170,[CH-](C=O)C(C(C(C(C(C(F)(F)F)(F)F)(F)F)(F)F)(F)F)(F)F,O=C[CH-]C(F)(F)C(F)(F)C(F)(F)C(F)(F)C(F)(F)C(F)(F)F,OLJUFLRPXWPIQQ-UHFFFAOYSA-N
171,C(C(=O)C(C(C(C(C(C(F)(F)F)(F)F)(F)F)(F)F)(F)F)(F)F)S(=O)(=O)[O-],O=C(CS(=O)(=O)[O-])C(F)(F)C(F)(F)C(F)(F)C(F)(F)C(F)(F)C(F)(F)F,RYYZCEGLQCTTCQ-UHFFFAOYSA-M
172,C(C[O-])C(C(C(C(C(C(F)(F)F)(F)F)(F)F)(F)F)(F)F)(F)F,[O-]CCC(F)(F)C(F)(F)C(F)(F)C(F)(F)C(F)(F)C(F)(F)F,SZIBBSGBFMPQGM-UHFFFAOYSA-N
173,C(C(=O)[O-])C(C(C(C(C(C(F)(F)F)(F)F)(F)F)(F)F)(F)F)(F)F,O=C([O-])CC(F)(F)C(F)(F)C(F)(F)C(F)(F)C(F)(F)C(F)(F)F,LRWIIEJPCFNNCZ-UHFFFAOYSA-M
174,C(=C(/C(C(C(C(C(F)(F)F)(F)F)(F)F)(F)F)(F)F)\F)/C(=O)O,O=C(O)C=C(F)C(F)(F)C(F)(F)C(F)(F)C(F)(F)C(F)(F)F,BKOBFLVYTXYFQZ-UHFFFAOYSA-N
175,C(=C\S(=O)(=O)O)/C(C(C(C(C(C(F)(F)F)(F)F)(F)F)(F)F)(F)F)(F)F,O=S(=O)(O)C=CC(F)(F)C(F)(F)C(F)(F)C(F)(F)C(F)(F)C(F)(F)F,DPLOQFIHXVSMMN-UHFFFAOYSA-N
176,C(CC(C(C(C(C(F)(F)F)(F)F)(F)F)(F)F)(F)F)C(=O)NCC(=O)O,O=C(O)CNC(=O)CCC(F)(F)C(F)(F)C(F)(F)C(F)(F)C(F)(F)F,MDBSKXYEOFBNES-UHFFFAOYSA-N
177,C(CS(=O)=O)C(C(C(C(C(C(F)(F)F)(F)F)(F)F)(F)F)(F)F)(F)F,O=[SH](=O)CCC(F)(F)C(F)(F)C(F)(F)C(F)(F)C(F)(F)C(F)(F)F,WPWKKWMVUWXXFN-UHFFFAOYSA-N
178,CC(C)(CS(=O)(=O)[O-])NC(=O)CCS(=O)(=O)CCC(C(C(C(C(C(F)(F)F)(F)F)(F)F)(F)F)(F)F)(F)F,CC(C)(CS(=O)(=O)[O-])NC(=O)CCS(=O)(=O)CCC(F)(F)C(F)(F)C(F)(F)C(F)(F)C(F)(F)C(F)(F)F,RZBHYDQKJKDSNP-UHFFFAOYSA-M
179,C(CS)C(C(C(C(C(C(F)(F)F)(F)F)(F)F)(F)F)(F)F)(F)F,FC(F)(F)C(F)(F)C(F)(F)C(F)(F)C(F)(F)C(F)(F)CCS,GTPHVVCYEWPQFE-UHFFFAOYSA-N
180,CC(C)(CS(=O)(=O)[O-])NC(=O)CCSCCC(C(C(C(C(C(F)(F)F)(F)F)(F)F)(F)F)(F)F)(F)F,CC(C)(CS(=O)(=O)[O-])NC(=O)CCSCCC(F)(F)C(F)(F)C(F)(F)C(F)(F)C(F)(F)C(F)(F)F,DKVATWZCDNHYCW-UHFFFAOYSA-M
181,CC(C)(CS(=O)(=O)[O-])NC(=O)CCS(=O)CCC(C(C(C(C(C(F)(F)F)(F)F)(F)F)(F)F)(F)F)(F)F,CC(C)(CS(=O)(=O)[O-])NC(=O)CCS(=O)CCC(F)(F)C(F)(F)C(F)(F)C(F)(F)C(F)(F)C(F)(F)F,AQNDOJSDPBVJMJ-UHFFFAOYSA-M
182,CC(C)(CS(=O)(=O)O)NC(=O)CCS(=O)CCC(C(C(C(C(C(F)(F)F)(F)F)(F)F)(F)F)(F)F)(F)F,CC(C)(CS(=O)(=O)O)NC(=O)CCS(=O)CCC(F)(F)C(F)(F)C(F)(F)C(F)(F)C(F)(F)C(F)(F)F,AQNDOJSDPBVJMJ-UHFFFAOYSA-N
183,CC(C)(CS(=O)(=O)O)NC(=O)CCSCCC(C(C(C(C(C(F)(F)F)(F)F)(F)F)(F)F)(F)F)(F)F,CC(C)(CS(=O)(=O)O)NC(=O)CCSCCC(F)(F)C(F)(F)C(F)(F)C(F)(F)C(F)(F)C(F)(F)F,DKVATWZCDNHYCW-UHFFFAOYSA-N
184,C(COP(=O)(O)O)C(C(C(C(C(C(F)(F)F)(F)F)(F)F)(F)F)(F)F)(F)F,O=P(O)(O)OCCC(F)(F)C(F)(F)C(F)(F)C(F)(F)C(F)(F)C(F)(F)F,FZTRDYSPWWJCOF-UHFFFAOYSA-N
185,C(COP(=O)(O)OCCC(C(C(C(C(C(F)(F)F)(F)F)(F)F)(F)F)(F)F)(F)F)C(C(C(C(C(C(F)(F)F)(F)F)(F)F)(F)F)(F)F)(F)F,O=P(O)(OCCC(F)(F)C(F)(F)C(F)(F)C(F)(F)C(F)(F)C(F)(F)F)OCCC(F)(F)C(F)(F)C(F)(F)C(F)(F)C(F)(F)C(F)(F)F,ZDYYWMSLMLTXDM-UHFFFAOYSA-N
186,C(C(C(C(C(C(C(F)(F)F)(F)F)(F)F)(F)F)(F)F)O)C(=O)[O-],O=C([O-])CC(O)C(F)(F)C(F)(F)C(F)(F)C(F)(F)C(F)(F)F,USTCZZNESVCBNI-UHFFFAOYSA-M
187,C(=C\C(C(C(C(C(C(F)(F)F)(F)F)(F)F)(F)F)(F)F)(F)F)/C(=O)[O-],O=C([O-])C=CC(F)(F)C(F)(F)C(F)(F)C(F)(F)C(F)(F)C(F)(F)F,PYWWUCKTKBAQOL-UHFFFAOYSA-M
188,C(C(=O)[O-])(C(C(C(C(C(C(C(F)(F)F)(F)F)(F)F)(F)F)(F)F)(F)F)(F)F)O,O=C([O-])C(O)C(F)(F)C(F)(F)C(F)(F)C(F)(F)C(F)(F)C(F)(F)C(F)(F)F,OUFQIKBETYCHEJ-UHFFFAOYSA-M
189,C(C(=O)[O-])C(C(C(C(C(C(C(F)(F)F)(F)F)(F)F)(F)F)(F)F)(F)F)(F)F,O=C([O-])CC(F)(F)C(F)(F)C(F)(F)C(F)(F)C(F)(F)C(F)(F)C(F)(F)F,WSEQBIVQCARAMW-UHFFFAOYSA-M
190,C(C(=O)C(C(C(C(C(C(F)(F)F)(F)F)(F)F)(F)F)(F)F)(F)F)C(=O)[O-],O=C([O-])CC(=O)C(F)(F)C(F)(F)C(F)(F)C(F)(F)C(F)(F)C(F)(F)F,KNPNAEUHRZMNJN-UHFFFAOYSA-M
191,C(=C\C(C(C(C(C(C(C(F)(F)F)(F)F)(F)F)(F)F)(F)F)(F)F)(F)F)/C(=O)[O-],O=C([O-])C=CC(F)(F)C(F)(F)C(F)(F)C(F)(F)C(F)(F)C(F)(F)C(F)(F)F,RRROMQAILYJNAL-UHFFFAOYSA-M
192,[CH-](C=O)C(C(C(C(C(C(C(F)(F)F)(F)F)(F)F)(F)F)(F)F)(F)F)(F)F,O=C[CH-]C(F)(F)C(F)(F)C(F)(F)C(F)(F)C(F)(F)C(F)(F)C(F)(F)F,FPNSZTQVQYOZQN-UHFFFAOYSA-N
193,C(C(C(=O)[O-])O)C(C(C(C(C(C(F)(F)F)(F)F)(F)F)(F)F)(F)F)(F)F,O=C([O-])C(O)CC(F)(F)C(F)(F)C(F)(F)C(F)(F)C(F)(F)C(F)(F)F,LQINMLIYFVAWBV-UHFFFAOYSA-M
194,C(=C(/C(C(C(C(C(F)(F)F)(F)F)(F)F)(F)F)(F)F)\F)/C(=O)[O-],O=C([O-])C=C(F)C(F)(F)C(F)(F)C(F)(F)C(F)(F)C(F)(F)F,BKOBFLVYTXYFQZ-UHFFFAOYSA-M
195,C(C(=O)C(C(C(C(C(C(C(F)(F)F)(F)F)(F)F)(F)F)(F)F)(F)F)(F)F)C(=O)[O-],O=C([O-])CC(=O)C(F)(F)C(F)(F)C(F)(F)C(F)(F)C(F)(F)C(F)(F)C(F)(F)F,NVECEEWNYKTCOF-UHFFFAOYSA-M
196,C(C(C(=O)[O-])O)C(C(C(C(C(C(C(F)(F)F)(F)F)(F)F)(F)F)(F)F)(F)F)(F)F,O=C([O-])C(O)CC(F)(F)C(F)(F)C(F)(F)C(F)(F)C(F)(F)C(F)(F)C(F)(F)F,WGVNPGHMEQBMJX-UHFFFAOYSA-M
197,C(CC(C(C(C(C(C(C(F)(F)F)(F)F)(F)F)(F)F)(F)F)(F)F)(F)F)C(=O)[O-],O=C([O-])CCC(F)(F)C(F)(F)C(F)(F)C(F)(F)C(F)(F)C(F)(F)C(F)(F)F,HLBRGVKRZQSQHB-UHFFFAOYSA-M
198,C(=O)(C(C(C(C(C(C(C(F)(F)F)(F)F)(F)F)(F)F)(F)F)(F)F)(F)F)[O-],O=C([O-])C(F)(F)C(F)(F)C(F)(F)C(F)(F)C(F)(F)C(F)(F)C(F)(F)F,SNGREZUHAYWORS-UHFFFAOYSA-M
199,[C-](=O)C(C(C(C(C(C(C(F)(F)F)(F)F)(F)F)(F)F)(F)F)(F)F)(F)F,O=[C-]C(F)(F)C(F)(F)C(F)(F)C(F)(F)C(F)(F)C(F)(F)C(F)(F)F,JWTREOGGMCEKFR-UHFFFAOYSA-N
200,C(=C(\C(C(C(C(C(C(F)(F)F)(F)F)(F)F)(F)F)(F)F)(F)F)/F)/C(=O)[O-],O=C([O-])C=C(F)C(F)(F)C(F)(F)C(F)(F)C(F)(F)C(F)(F)C(F)(F)F,WGIXJOMRYLUUNW-UHFFFAOYSA-M
201,C(CC(C(C(C(C(C(F)(F)F)(F)F)(F)F)(F)F)(F)F)(F)F)C(=O)[O-],O=C([O-])CCC(F)(F)C(F)(F)C(F)(F)C(F)(F)C(F)(F)C(F)(F)F,AAEJJSZYNKXKSW-UHFFFAOYSA-M
202,CCCCCCCCCCCCCCCCCC(=O)OCCC(C(C(C(C(C(C(C(F)(F)F)(F)F)(F)F)(F)F)(F)F)(F)F)(F)F)(F)F,CCCCCCCCCCCCCCCCCC(=O)OCCC(F)(F)C(F)(F)C(F)(F)C(F)(F)C(F)(F)C(F)(F)C(F)(F)C(F)(F)F,VXEFJEZHABKUFT-UHFFFAOYSA-N
203,C(CO)C(C(C(C(C(C(C(C(F)(F)F)(F)F)(F)F)(F)F)(F)F)(F)F)(F)F)(F)F,OCCC(F)(F)C(F)(F)C(F)(F)C(F)(F)C(F)(F)C(F)(F)C(F)(F)C(F)(F)F,JJUBFBTUBACDHW-UHFFFAOYSA-N
204,C=CC(=O)OCCC(C(C(C(C(C(C(C(F)(F)F)(F)F)(F)F)(F)F)(F)F)(F)F)(F)F)(F)F,C=CC(=O)OCCC(F)(F)C(F)(F)C(F)(F)C(F)(F)C(F)(F)C(F)(F)C(F)(F)C(F)(F)F,QUKRIOLKOHUUBM-UHFFFAOYSA-N
205,C=C(C)C(=O)OCCC(C(C(C(C(C(C(C(F)(F)F)(F)F)(F)F)(F)F)(F)F)(F)F)(F)F)(F)F,C=C(C)C(=O)OCCC(F)(F)C(F)(F)C(F)(F)C(F)(F)C(F)(F)C(F)(F)C(F)(F)C(F)(F)F,HBZFBSFGXQBQTB-UHFFFAOYSA-N
206,C(=C\C(C(C(C(C(C(C(F)(F)F)(F)F)(F)F)(F)F)(F)F)(F)F)(F)F)/C(=O)O,O=C(O)C=CC(F)(F)C(F)(F)C(F)(F)C(F)(F)C(F)(F)C(F)(F)C(F)(F)F,RRROMQAILYJNAL-UHFFFAOYSA-N
207,C(=C(\C(C(C(C(C(C(C(F)(F)F)(F)F)(F)F)(F)F)(F)F)(F)F)(F)F)/F)/C(=O)O,O=C(O)C=C(F)C(F)(F)C(F)(F)C(F)(F)C(F)(F)C(F)(F)C(F)(F)C(F)(F)F,WHZXTVOEGZRRJM-UHFFFAOYSA-N
208,CC(C(C(C(C(C(C(C(F)(F)F)(F)F)(F)F)(F)F)(F)F)(F)F)(F)F)O,CC(O)C(F)(F)C(F)(F)C(F)(F)C(F)(F)C(F)(F)C(F)(F)C(F)(F)F,LWKNIRKCYPKSGM-UHFFFAOYSA-N
209,C(CC(C(C(C(C(C(C(F)(F)F)(F)F)(F)F)(F)F)(F)F)(F)F)(F)F)C(=O)O,O=C(O)CCC(F)(F)C(F)(F)C(F)(F)C(F)(F)C(F)(F)C(F)(F)C(F)(F)F,HLBRGVKRZQSQHB-UHFFFAOYSA-N
210,CC(=O)C(C(C(C(C(C(C(F)(F)F)(F)F)(F)F)(F)F)(F)F)(F)F)F,CC(=O)C(F)C(F)(F)C(F)(F)C(F)(F)C(F)(F)C(F)(F)C(F)(F)F,AUPTYBLOKZHSKH-UHFFFAOYSA-N
211,C(C=O)C(C(C(C(C(C(C(C(F)(F)F)(F)F)(F)F)(F)F)(F)F)(F)F)(F)F)(F)F,O=CCC(F)(F)C(F)(F)C(F)(F)C(F)(F)C(F)(F)C(F)(F)C(F)(F)C(F)(F)F,KDGIOTBLYAPNRR-UHFFFAOYSA-N
212,C(C(C(C(C(C(C(C(C(F)(F)F)(F)F)(F)F)(F)F)(F)F)(F)F)(F)F)O)C(=O)O,O=C(O)CC(O)C(F)(F)C(F)(F)C(F)(F)C(F)(F)C(F)(F)C(F)(F)C(F)(F)F,DXTFHOPCXPRYCP-UHFFFAOYSA-N
213,C(C(=O)O)C(C(C(C(C(C(C(C(F)(F)F)(F)F)(F)F)(F)F)(F)F)(F)F)(F)F)(F)F,O=C(O)CC(F)(F)C(F)(F)C(F)(F)C(F)(F)C(F)(F)C(F)(F)C(F)(F)C(F)(F)F,XTBXSCIWOVSSGB-UHFFFAOYSA-N
214,C(C(=O)O)(C(C(C(C(C(C(F)(F)F)(F)F)(F)F)(F)F)(F)F)(F)F)F,O=C(O)C(F)C(F)(F)C(F)(F)C(F)(F)C(F)(F)C(F)(F)C(F)(F)F,CLSJUWFCSPJRFC-UHFFFAOYSA-N
215,CC(=O)C(C(C(C(C(C(C(F)(F)F)(F)F)(F)F)(F)F)(F)F)(F)F)(F)F,CC(=O)C(F)(F)C(F)(F)C(F)(F)C(F)(F)C(F)(F)C(F)(F)C(F)(F)F,LFMZSQGESVNRLL-UHFFFAOYSA-N
216,C=CC(C(C(C(C(C(C(F)(F)F)(F)F)(F)F)(F)F)(F)F)(F)F)(F)F,C=CC(F)(F)C(F)(F)C(F)(F)C(F)(F)C(F)(F)C(F)(F)C(F)(F)F,RXZWAMINHJDYKW-UHFFFAOYSA-N
217,C(C(C(C(C(C(C(C(C(F)(F)F)(F)F)(F)F)(F)F)(F)F)(F)F)(F)F)F)C(=O)O,O=C(O)CC(F)C(F)(F)C(F)(F)C(F)(F)C(F)(F)C(F)(F)C(F)(F)C(F)(F)F,CMTAMCYWGPMWNV-UHFFFAOYSA-N
218,C(C(=O)[O-])C(C(C(C(C(C(C(C(F)(F)F)(F)F)(F)F)(F)F)(F)F)(F)F)(F)F)(F)F,O=C([O-])CC(F)(F)C(F)(F)C(F)(F)C(F)(F)C(F)(F)C(F)(F)C(F)(F)C(F)(F)F,XTBXSCIWOVSSGB-UHFFFAOYSA-M
219,C(C(C(C(C(F)(F)OS(=O)(=O)[O-])(F)F)(F)F)(F)F)(C(C(C(F)(F)F)(F)F)(F)F)(F)F,O=S(=O)([O-])OC(F)(F)C(F)(F)C(F)(F)C(F)(F)C(F)(F)C(F)(F)C(F)(F)C(F)(F)F,YQJDGOJKITVCSR-UHFFFAOYSA-M
220,C(=O)(C(C(C(C(C(C(C(C(F)(F)F)(F)F)(F)F)(F)F)(F)F)(F)F)(F)F)(F)F)[O-],O=C([O-])C(F)(F)C(F)(F)C(F)(F)C(F)(F)C(F)(F)C(F)(F)C(F)(F)C(F)(F)F,UZUFPBIDKMEQEQ-UHFFFAOYSA-M
221,C(CC(=O)NC(CS/C(=C\C(=O)[O-])/C(C(C(C(C(C(C(F)(F)F)(F)F)(F)F)(F)F)(F)F)(F)F)(F)F)C(=O)NCC(=O)O)C(C(=O)O)N,NC(CCC(=O)NC(CSC(=CC(=O)[O-])C(F)(F)C(F)(F)C(F)(F)C(F)(F)C(F)(F)C(F)(F)C(F)(F)F)C(=O)NCC(=O)O)C(=O)O,ZOYZDBBMBCZXPK-UHFFFAOYSA-M
222,CC1(C(C(=O)O)OC(C)(C(C)(C1(C)O)O)OCCC(C(C(C(C(C(C(C(F)(F)F)(F)F)(F)F)(F)F)(F)F)(F)F)(F)F)(F)F)O,CC1(OCCC(F)(F)C(F)(F)C(F)(F)C(F)(F)C(F)(F)C(F)(F)C(F)(F)C(F)(F)F)OC(C(=O)O)C(C)(O)C(C)(O)C1(C)O,MSLDIBGODORUOA-UHFFFAOYSA-N
223,C(CC(=O)NC(CSC(CC=O)C(C(C(C(C(C(C(F)(F)F)(F)F)(F)F)(F)F)(F)F)(F)F)(F)F)C(=O)NCC(=O)O)C(C(=O)O)N,NC(CCC(=O)NC(CSC(CC=O)C(F)(F)C(F)(F)C(F)(F)C(F)(F)C(F)(F)C(F)(F)C(F)(F)F)C(=O)NCC(=O)O)C(=O)O,PLHCDLAVYCBKFR-UHFFFAOYSA-N
224,C(=C(C(C(C(C(C(C(C(F)(F)F)(F)F)(F)F)(F)F)(F)F)(F)F)(F)F)F)C=O,O=CC=C(F)C(F)(F)C(F)(F)C(F)(F)C(F)(F)C(F)(F)C(F)(F)C(F)(F)F,LQERGGUGOIACQD-UHFFFAOYSA-N
225,C(C=O)C(=O)C(C(C(C(C(C(C(F)(F)F)(F)F)(F)F)(F)F)(F)F)(F)F)(F)F,O=CCC(=O)C(F)(F)C(F)(F)C(F)(F)C(F)(F)C(F)(F)C(F)(F)C(F)(F)F,RQIOTBIKFNCZMF-UHFFFAOYSA-N
226,CC(C)(CS(=O)(=O)O)NC(=O)CCS(=O)(=O)CCC(C(C(C(C(C(C(C(F)(F)F)(F)F)(F)F)(F)F)(F)F)(F)F)(F)F)(F)F,CC(C)(CS(=O)(=O)O)NC(=O)CCS(=O)(=O)CCC(F)(F)C(F)(F)C(F)(F)C(F)(F)C(F)(F)C(F)(F)C(F)(F)C(F)(F)F,DEONGGUSFBJEHM-UHFFFAOYSA-N
227,CC(C)(CS(=O)(=O)O)NC(=O)CCSCCC(C(C(C(C(C(C(C(F)(F)F)(F)F)(F)F)(F)F)(F)F)(F)F)(F)F)(F)F,CC(C)(CS(=O)(=O)O)NC(=O)CCSCCC(F)(F)C(F)(F)C(F)(F)C(F)(F)C(F)(F)C(F)(F)C(F)(F)C(F)(F)F,JPUVFTMCVQSFAF-UHFFFAOYSA-N
228,C(CS(=O)(=O)O)C(C(C(C(C(C(C(C(F)(F)F)(F)F)(F)F)(F)F)(F)F)(F)F)(F)F)(F)F,O=S(=O)(O)CCC(F)(F)C(F)(F)C(F)(F)C(F)(F)C(F)(F)C(F)(F)C(F)(F)C(F)(F)F,ALVYVCQIFHTIRD-UHFFFAOYSA-N
229,CC(C)(CS(=O)(=O)O)NC(=O)CCS(=O)CCC(C(C(C(C(C(C(C(F)(F)F)(F)F)(F)F)(F)F)(F)F)(F)F)(F)F)(F)F,CC(C)(CS(=O)(=O)O)NC(=O)CCS(=O)CCC(F)(F)C(F)(F)C(F)(F)C(F)(F)C(F)(F)C(F)(F)C(F)(F)C(F)(F)F,XKGMPVQXAFQLEK-UHFFFAOYSA-N
230,C(COP(=O)(O)O)C(C(C(C(C(C(C(C(F)(F)F)(F)F)(F)F)(F)F)(F)F)(F)F)(F)F)(F)F,O=P(O)(O)OCCC(F)(F)C(F)(F)C(F)(F)C(F)(F)C(F)(F)C(F)(F)C(F)(F)C(F)(F)F,MIABSAQIFYEDJP-UHFFFAOYSA-N
231,C[NH+](C)CCC[N-]S(=O)(=O)C(C(C(C(F)(F)F)(F)F)(F)F)(F)F,C[NH+](C)CCC[N-]S(=O)(=O)C(F)(F)C(F)(F)C(F)(F)C(F)(F)F,OGAXFAAPWWGEJM-UHFFFAOYSA-O
232,C(C(C(F)(F)S(=O)=O)(F)F)(C(F)(F)F)(F)F,O=[SH](=O)C(F)(F)C(F)(F)C(F)(F)C(F)(F)F,DEYRYUICBQQZQU-UHFFFAOYSA-N
233,C[N+](C)(CCCNS(=O)(=O)C(C(C(C(F)(F)F)(F)F)(F)F)(F)F)[O-],C[N+](C)([O-])CCCNS(=O)(=O)C(F)(F)C(F)(F)C(F)(F)C(F)(F)F,HQIKMYJOLJOSOX-UHFFFAOYSA-N
234,C(CNS(=O)(=O)C(C(C(C(F)(F)F)(F)F)(F)F)(F)F)C(=O)O,O=C(O)CCNS(=O)(=O)C(F)(F)C(F)(F)C(F)(F)C(F)(F)F,RJBFXGSENMVGCH-UHFFFAOYSA-N
235,C[NH2+]CCC[N-]S(=O)(=O)C(C(C(C(F)(F)F)(F)F)(F)F)(F)F,C[NH2+]CCC[N-]S(=O)(=O)C(F)(F)C(F)(F)C(F)(F)C(F)(F)F,HMEUNEIWXBGMMV-UHFFFAOYSA-O
236,C[NH+](C)CCCN(CCC(=O)[O-])S(=O)(=O)C(C(C(C(F)(F)F)(F)F)(F)F)(F)F,C[NH+](C)CCCN(CCC(=O)[O-])S(=O)(=O)C(F)(F)C(F)(F)C(F)(F)C(F)(F)F,GYXGVPIUSNEEIR-UHFFFAOYSA-N
237,C(C(=O)O)NS(=O)(=O)C(C(C(C(F)(F)F)(F)F)(F)F)(F)F,O=C(O)CNS(=O)(=O)C(F)(F)C(F)(F)C(F)(F)C(F)(F)F,IIJKOWPVAXZAKE-UHFFFAOYSA-N
238,C(C[N+])C[N-]S(=O)(=O)C(C(C(C(F)(F)F)(F)F)(F)F)(F)F,[N+]CCC[N-]S(=O)(=O)C(F)(F)C(F)(F)C(F)(F)C(F)(F)F,NNOIKUHREDVWAI-UHFFFAOYSA-N
239,C(C(C(F)(F)S(=O)(=O)N)(F)F)(C(F)(F)F)(F)F,NS(=O)(=O)C(F)(F)C(F)(F)C(F)(F)C(F)(F)F,FUVKFLJWBHVMHX-UHFFFAOYSA-N
240,CN(CC(=O)O)S(=O)(=O)C(C(C(C(F)(F)F)(F)F)(F)F)(F)F,CN(CC(=O)O)S(=O)(=O)C(F)(F)C(F)(F)C(F)(F)C(F)(F)F,SKGBGOQHXBAKKO-UHFFFAOYSA-N
241,C(C(C(F)(F)S(=O)(=O)O)(F)F)(C(F)(F)F)(F)F,O=S(=O)(O)C(F)(F)C(F)(F)C(F)(F)C(F)(F)F,JGTNAGYHADQMCM-UHFFFAOYSA-N
242,CCN(CC(=O)O)S(=O)(=O)C(C(C(C(F)(F)F)(F)F)(F)F)(F)F,CCN(CC(=O)O)S(=O)(=O)C(F)(F)C(F)(F)C(F)(F)C(F)(F)F,PAOHBPWWJXVFBM-UHFFFAOYSA-N
243,CN(CC(=O)O)S(=O)(=O)C(C(C(C(C(C(C(F)(F)F)(F)F)(F)F)(F)F)(F)F)(F)F)(F)F,CN(CC(=O)O)S(=O)(=O)C(F)(F)C(F)(F)C(F)(F)C(F)(F)C(F)(F)C(F)(F)C(F)(F)F,LPJOBWYEYHXLOK-UHFFFAOYSA-N
244,C[N+](C)(CCCNS(=O)(=O)C(C(C(C(C(C(C(F)(F)F)(F)F)(F)F)(F)F)(F)F)(F)F)(F)F)[O-],C[N+](C)([O-])CCCNS(=O)(=O)C(F)(F)C(F)(F)C(F)(F)C(F)(F)C(F)(F)C(F)(F)C(F)(F)F,IKTYOVKWKVJAFP-UHFFFAOYSA-N
245,C(CNS(=O)(=O)C(C(C(C(C(C(C(F)(F)F)(F)F)(F)F)(F)F)(F)F)(F)F)(F)F)C(=O)O,O=C(O)CCNS(=O)(=O)C(F)(F)C(F)(F)C(F)(F)C(F)(F)C(F)(F)C(F)(F)C(F)(F)F,YCIUMGKHNFKNSR-UHFFFAOYSA-N
246,C(C(=O)O)NS(=O)(=O)C(C(C(C(C(C(C(F)(F)F)(F)F)(F)F)(F)F)(F)F)(F)F)(F)F,O=C(O)CNS(=O)(=O)C(F)(F)C(F)(F)C(F)(F)C(F)(F)C(F)(F)C(F)(F)C(F)(F)F,LAAXCIZXZCKWFF-UHFFFAOYSA-N
247,C[NH+](C)CCC[N-]S(=O)(=O)C(C(C(C(C(C(C(F)(F)F)(F)F)(F)F)(F)F)(F)F)(F)F)(F)F,C[NH+](C)CCC[N-]S(=O)(=O)C(F)(F)C(F)(F)C(F)(F)C(F)(F)C(F)(F)C(F)(F)C(F)(F)F,MXMAWYGDOPJTGG-UHFFFAOYSA-O
248,CCN(CC(=O)O)S(=O)(=O)C(C(C(C(C(C(C(F)(F)F)(F)F)(F)F)(F)F)(F)F)(F)F)(F)F,CCN(CC(=O)O)S(=O)(=O)C(F)(F)C(F)(F)C(F)(F)C(F)(F)C(F)(F)C(F)(F)C(F)(F)F,IOQHTIQMCISFKB-UHFFFAOYSA-N
249,C[N+](C)CCCN(CCC(=O)[O-])S(=O)(=O)C(C(C(C(C(C(C(F)(F)F)(F)F)(F)F)(F)F)(F)F)(F)F)(F)F,C[N+](C)CCCN(CCC(=O)[O-])S(=O)(=O)C(F)(F)C(F)(F)C(F)(F)C(F)(F)C(F)(F)C(F)(F)C(F)(F)F,VFMMVOCUMGRBTL-UHFFFAOYSA-M
250,C(C(C(C(F)(F)F)(F)F)(F)F)(C(C(C(F)(F)S(=O)(=O)O)(F)F)(F)F)(F)F,O=S(=O)(O)C(F)(F)C(F)(F)C(F)(F)C(F)(F)C(F)(F)C(F)(F)C(F)(F)F,OYGQVDSRYXATEL-UHFFFAOYSA-N
251,C(C(C(C(F)(F)F)(F)F)(F)F)(C(C(C(F)(F)S(=O)=O)(F)F)(F)F)(F)F,O=[SH](=O)C(F)(F)C(F)(F)C(F)(F)C(F)(F)C(F)(F)C(F)(F)C(F)(F)F,HIGWWAXSYVZPJR-UHFFFAOYSA-N
252,C(C[N+])C[N-]S(=O)(=O)C(C(C(C(C(C(C(F)(F)F)(F)F)(F)F)(F)F)(F)F)(F)F)(F)F,[N+]CCC[N-]S(=O)(=O)C(F)(F)C(F)(F)C(F)(F)C(F)(F)C(F)(F)C(F)(F)C(F)(F)F,IAHHLQZMNITZCX-UHFFFAOYSA-N
253,C[NH2+]CCC[N-]S(=O)(=O)C(C(C(C(C(C(C(F)(F)F)(F)F)(F)F)(F)F)(F)F)(F)F)(F)F,C[NH2+]CCC[N-]S(=O)(=O)C(F)(F)C(F)(F)C(F)(F)C(F)(F)C(F)(F)C(F)(F)C(F)(F)F,CGXZSBXMTGIUIW-UHFFFAOYSA-O
254,C(C(C(C(F)(F)F)(F)F)(F)F)(C(C(C(F)(F)S(=O)(=O)N)(F)F)(F)F)(F)F,NS(=O)(=O)C(F)(F)C(F)(F)C(F)(F)C(F)(F)C(F)(F)C(F)(F)C(F)(F)F,ZYBNLNNCZHCXAC-UHFFFAOYSA-N
255,CN(C)CCCNS(=O)(=O)C(C(C(C(C(C(F)(F)F)(F)F)(F)F)(F)F)(F)F)(F)F,CN(C)CCCNS(=O)(=O)C(F)(F)C(F)(F)C(F)(F)C(F)(F)C(F)(F)C(F)(F)F,INDOGKYZYLAGEM-UHFFFAOYSA-N
256,CCN(CC(=O)O)S(=O)(=O)C(C(C(C(C(C(F)(F)F)(F)F)(F)F)(F)F)(F)F)(F)F,CCN(CC(=O)O)S(=O)(=O)C(F)(F)C(F)(F)C(F)(F)C(F)(F)C(F)(F)C(F)(F)F,ISFCQODURJEALJ-UHFFFAOYSA-N
257,C(C(C(C(F)(F)S(=O)=O)(F)F)(F)F)(C(C(F)(F)F)(F)F)(F)F,O=[SH](=O)C(F)(F)C(F)(F)C(F)(F)C(F)(F)C(F)(F)C(F)(F)F,MBOVYIOUPFHQAO-UHFFFAOYSA-N
258,C(C(C(C(F)(F)S(=O)(=O)O)(F)F)(F)F)(C(C(F)(F)F)(F)F)(F)F,O=S(=O)(O)C(F)(F)C(F)(F)C(F)(F)C(F)(F)C(F)(F)C(F)(F)F,QZHDEAJFRJCDMF-UHFFFAOYSA-N
259,C(C(C(C(F)(F)S(=O)(=O)N)(F)F)(F)F)(C(C(F)(F)F)(F)F)(F)F,NS(=O)(=O)C(F)(F)C(F)(F)C(F)(F)C(F)(F)C(F)(F)C(F)(F)F,WDZLGCSJJWEQJO-UHFFFAOYSA-N
260,C(C(=O)O)[N-]S(=O)(=O)C(C(C(C(C(C(F)(F)F)(F)F)(F)F)(F)F)(F)F)(F)F,O=C(O)C[N-]S(=O)(=O)C(F)(F)C(F)(F)C(F)(F)C(F)(F)C(F)(F)C(F)(F)F,JPJMMYNIRJHUFI-UHFFFAOYSA-N
261,C(C[NH3+])C[N-]S(=O)(=O)C(C(C(C(C(C(F)(F)F)(F)F)(F)F)(F)F)(F)F)(F)F,[NH3+]CCC[N-]S(=O)(=O)C(F)(F)C(F)(F)C(F)(F)C(F)(F)C(F)(F)C(F)(F)F,KHGLZJPYTKGGIG-UHFFFAOYSA-O
262,C(C[N-]S(=O)(=O)C(C(C(C(C(C(F)(F)F)(F)F)(F)F)(F)F)(F)F)(F)F)C(=O)O,O=C(O)CC[N-]S(=O)(=O)C(F)(F)C(F)(F)C(F)(F)C(F)(F)C(F)(F)C(F)(F)F,WTAHNRWTZDPBPP-UHFFFAOYSA-N
263,C(C[N-]S(=O)(=O)C(C(C(C(C(C(F)(F)F)(F)F)(F)F)(F)F)(F)F)(F)F)C=O,O=CCC[N-]S(=O)(=O)C(F)(F)C(F)(F)C(F)(F)C(F)(F)C(F)(F)C(F)(F)F,SCFSWFJOZWFEPI-UHFFFAOYSA-N
264,C(C(C(C(F)(F)S(=O)[O-])(F)F)(F)F)(C(C(F)(F)F)(F)F)(F)F,O=S([O-])C(F)(F)C(F)(F)C(F)(F)C(F)(F)C(F)(F)C(F)(F)F,IYYLVCKNCOIEJX-UHFFFAOYSA-M
265,C(C(C(C(F)(F)S(=O)(=O)[O-])(F)F)(F)F)(C(C(F)(F)F)(F)F)(F)F,O=S(=O)([O-])C(F)(F)C(F)(F)C(F)(F)C(F)(F)C(F)(F)C(F)(F)F,QZHDEAJFRJCDMF-UHFFFAOYSA-M
266,C[N+](C)(CCC[N-]S(=O)(=O)C(C(C(C(C(C(F)(F)F)(F)F)(F)F)(F)F)(F)F)(F)F)[O-],C[N+](C)([O-])CCC[N-]S(=O)(=O)C(F)(F)C(F)(F)C(F)(F)C(F)(F)C(F)(F)C(F)(F)F,GYUMZOLTMNIHME-UHFFFAOYSA-N
267,C[NH+](C)CCC[N-]S(=O)(=O)C(C(C(C(C(C(F)(F)F)(F)F)(F)F)(F)F)(F)F)(F)F,C[NH+](C)CCC[N-]S(=O)(=O)C(F)(F)C(F)(F)C(F)(F)C(F)(F)C(F)(F)C(F)(F)F,PWCZPHBZZTYGGK-UHFFFAOYSA-O
268,C[NH2+]CCC[N-]S(=O)(=O)C(C(C(C(C(C(F)(F)F)(F)F)(F)F)(F)F)(F)F)(F)F,C[NH2+]CCC[N-]S(=O)(=O)C(F)(F)C(F)(F)C(F)(F)C(F)(F)C(F)(F)C(F)(F)F,NIHQOAOJQVLBPT-UHFFFAOYSA-O
269,CN(CC(=O)O)S(=O)(=O)C(C(C(C(C(C(F)(F)F)(F)F)(F)F)(F)F)(F)F)(F)F,CN(CC(=O)O)S(=O)(=O)C(F)(F)C(F)(F)C(F)(F)C(F)(F)C(F)(F)C(F)(F)F,YGKAWLSSJSOXNM-UHFFFAOYSA-N
270,C(CNS(=O)(=O)C(C(C(C(C(C(F)(F)F)(F)F)(F)F)(F)F)(F)F)(F)F)C(=O)O,O=C(O)CCNS(=O)(=O)C(F)(F)C(F)(F)C(F)(F)C(F)(F)C(F)(F)C(F)(F)F,KAOGRAQZTKDYIY-UHFFFAOYSA-N
271,C(C(=O)O)NS(=O)(=O)C(C(C(C(C(C(F)(F)F)(F)F)(F)F)(F)F)(F)F)(F)F,O=C(O)CNS(=O)(=O)C(F)(F)C(F)(F)C(F)(F)C(F)(F)C(F)(F)C(F)(F)F,QMSAJIZZWDYZCW-UHFFFAOYSA-N
272,C(C[N+])C[N-]S(=O)(=O)C(C(C(C(C(C(F)(F)F)(F)F)(F)F)(F)F)(F)F)(F)F,[N+]CCC[N-]S(=O)(=O)C(F)(F)C(F)(F)C(F)(F)C(F)(F)C(F)(F)C(F)(F)F,QBQQNUIKHVUWTJ-UHFFFAOYSA-N
273,C[N+](C)(CCCNS(=O)(=O)C(C(C(C(C(C(F)(F)F)(F)F)(F)F)(F)F)(F)F)(F)F)[O-],C[N+](C)([O-])CCCNS(=O)(=O)C(F)(F)C(F)(F)C(F)(F)C(F)(F)C(F)(F)C(F)(F)F,AJHOIKIILYAOBA-UHFFFAOYSA-N
274,C[N+]CCC[N-]S(=O)(=O)C(C(C(C(C(C(F)(F)F)(F)F)(F)F)(F)F)(F)F)(F)F,C[N+]CCC[N-]S(=O)(=O)C(F)(F)C(F)(F)C(F)(F)C(F)(F)C(F)(F)C(F)(F)F,YZDXINGFFBUWPW-UHFFFAOYSA-N
275,C[N+](C)CCCN(CCC(=O)[O-])S(=O)(=O)C(C(C(C(C(C(F)(F)F)(F)F)(F)F)(F)F)(F)F)(F)F,C[N+](C)CCCN(CCC(=O)[O-])S(=O)(=O)C(F)(F)C(F)(F)C(F)(F)C(F)(F)C(F)(F)C(F)(F)F,KVUZRLRMQJMZBV-UHFFFAOYSA-M
276,C(C(=O)O)NS(=O)(=O)C(C(C(C(C(C(C(C(F)(F)F)(F)F)(F)F)(F)F)(F)F)(F)F)(F)F)(F)F,O=C(O)CNS(=O)(=O)C(F)(F)C(F)(F)C(F)(F)C(F)(F)C(F)(F)C(F)(F)C(F)(F)C(F)(F)F,AYLOUUCBACYHAB-UHFFFAOYSA-N
277,C[NH2+]CCC[N-]S(=O)(=O)C(C(C(C(C(C(C(C(F)(F)F)(F)F)(F)F)(F)F)(F)F)(F)F)(F)F)(F)F,C[NH2+]CCC[N-]S(=O)(=O)C(F)(F)C(F)(F)C(F)(F)C(F)(F)C(F)(F)C(F)(F)C(F)(F)C(F)(F)F,QUQDPVUYSNZJST-UHFFFAOYSA-O
278,C[N+](C)(CCCNS(=O)(=O)C(C(C(C(C(C(C(C(F)(F)F)(F)F)(F)F)(F)F)(F)F)(F)F)(F)F)(F)F)[O-],C[N+](C)([O-])CCCNS(=O)(=O)C(F)(F)C(F)(F)C(F)(F)C(F)(F)C(F)(F)C(F)(F)C(F)(F)C(F)(F)F,NPRHMPPFGZNNJX-UHFFFAOYSA-N
279,C[NH+](C)CCC[N-]S(=O)(=O)C(C(C(C(C(C(C(C(F)(F)F)(F)F)(F)F)(F)F)(F)F)(F)F)(F)F)(F)F,C[NH+](C)CCC[N-]S(=O)(=O)C(F)(F)C(F)(F)C(F)(F)C(F)(F)C(F)(F)C(F)(F)C(F)(F)C(F)(F)F,ILTXPJQTAVSKDE-UHFFFAOYSA-O
280,CN(CC(=O)O)S(=O)(=O)C(C(C(C(C(C(C(C(F)(F)F)(F)F)(F)F)(F)F)(F)F)(F)F)(F)F)(F)F,CN(CC(=O)O)S(=O)(=O)C(F)(F)C(F)(F)C(F)(F)C(F)(F)C(F)(F)C(F)(F)C(F)(F)C(F)(F)F,QNDHIRFIMVNHBN-UHFFFAOYSA-N
281,C(CNS(=O)(=O)C(C(C(C(C(C(C(C(F)(F)F)(F)F)(F)F)(F)F)(F)F)(F)F)(F)F)(F)F)C(=O)O,O=C(O)CCNS(=O)(=O)C(F)(F)C(F)(F)C(F)(F)C(F)(F)C(F)(F)C(F)(F)C(F)(F)C(F)(F)F,XODISSAMZUDOQA-UHFFFAOYSA-N
282,CCN(CC(=O)O)S(=O)(=O)C(C(C(C(C(C(C(C(F)(F)F)(F)F)(F)F)(F)F)(F)F)(F)F)(F)F)(F)F,CCN(CC(=O)O)S(=O)(=O)C(F)(F)C(F)(F)C(F)(F)C(F)(F)C(F)(F)C(F)(F)C(F)(F)C(F)(F)F,CKRXVVGETMYFIO-UHFFFAOYSA-N
283,C(C[N+])C[N-]S(=O)(=O)C(C(C(C(C(C(C(C(F)(F)F)(F)F)(F)F)(F)F)(F)F)(F)F)(F)F)(F)F,[N+]CCC[N-]S(=O)(=O)C(F)(F)C(F)(F)C(F)(F)C(F)(F)C(F)(F)C(F)(F)C(F)(F)C(F)(F)F,GTUXAIIWLDDSGR-UHFFFAOYSA-N
284,C(C(C(C(C(F)(F)S(=O)(=O)N)(F)F)(F)F)(F)F)(C(C(C(F)(F)F)(F)F)(F)F)(F)F,NS(=O)(=O)C(F)(F)C(F)(F)C(F)(F)C(F)(F)C(F)(F)C(F)(F)C(F)(F)C(F)(F)F,RRRXPPIDPYTNJG-UHFFFAOYSA-N
285,C[N+](C)CCCN(CCC(=O)[O-])S(=O)(=O)C(C(C(C(C(C(C(C(F)(F)F)(F)F)(F)F)(F)F)(F)F)(F)F)(F)F)(F)F,C[N+](C)CCCN(CCC(=O)[O-])S(=O)(=O)C(F)(F)C(F)(F)C(F)(F)C(F)(F)C(F)(F)C(F)(F)C(F)(F)C(F)(F)F,HBZPDQFJYMPSAU-UHFFFAOYSA-M
286,C(C(C(C(C(F)(F)S(=O)=O)(F)F)(F)F)(F)F)(C(C(C(F)(F)F)(F)F)(F)F)(F)F,O=[SH](=O)C(F)(F)C(F)(F)C(F)(F)C(F)(F)C(F)(F)C(F)(F)C(F)(F)C(F)(F)F,ODQDMKJQCXWECR-UHFFFAOYSA-N
287,C(C(C(C(C(F)(F)S(=O)(=O)O)(F)F)(F)F)(F)F)(C(C(C(F)(F)F)(F)F)(F)F)(F)F,O=S(=O)(O)C(F)(F)C(F)(F)C(F)(F)C(F)(F)C(F)(F)C(F)(F)C(F)(F)C(F)(F)F,YFSUTJLHUFNCNZ-UHFFFAOYSA-N
288,C[N+](C)CCCN(CCC(=O)[O-])S(=O)(=O)C(C(C(C(C(F)(F)F)(F)F)(F)F)(F)F)(F)F,C[N+](C)CCCN(CCC(=O)[O-])S(=O)(=O)C(F)(F)C(F)(F)C(F)(F)C(F)(F)C(F)(F)F,UUTALSKUEZIRBG-UHFFFAOYSA-M
289,C[N+](C)(CCCNS(=O)(=O)C(C(C(C(C(F)(F)F)(F)F)(F)F)(F)F)(F)F)[O-],C[N+](C)([O-])CCCNS(=O)(=O)C(F)(F)C(F)(F)C(F)(F)C(F)(F)C(F)(F)F,MHGNTUMFVTYUDG-UHFFFAOYSA-N
290,C(CNS(=O)(=O)C(C(C(C(C(F)(F)F)(F)F)(F)F)(F)F)(F)F)C(=O)O,O=C(O)CCNS(=O)(=O)C(F)(F)C(F)(F)C(F)(F)C(F)(F)C(F)(F)F,AXNOOZOMOPIDDF-UHFFFAOYSA-N
291,C(C(=O)O)NS(=O)(=O)C(C(C(C(C(F)(F)F)(F)F)(F)F)(F)F)(F)F,O=C(O)CNS(=O)(=O)C(F)(F)C(F)(F)C(F)(F)C(F)(F)C(F)(F)F,LQFCGTRMRYTKLO-UHFFFAOYSA-N
292,C(C(C(F)(F)F)(F)F)(C(C(F)(F)S(=O)=O)(F)F)(F)F,O=[SH](=O)C(F)(F)C(F)(F)C(F)(F)C(F)(F)C(F)(F)F,DIEDXXJXBQIPEP-UHFFFAOYSA-N
293,C(C[N+])C[N-]S(=O)(=O)C(C(C(C(C(F)(F)F)(F)F)(F)F)(F)F)(F)F,[N+]CCC[N-]S(=O)(=O)C(F)(F)C(F)(F)C(F)(F)C(F)(F)C(F)(F)F,PMTSVMOWLJWLPM-UHFFFAOYSA-N
294,C[N+](C)CCC[N-]S(=O)(=O)C(C(C(C(C(F)(F)F)(F)F)(F)F)(F)F)(F)F,C[N+](C)CCC[N-]S(=O)(=O)C(F)(F)C(F)(F)C(F)(F)C(F)(F)C(F)(F)F,BMKUPWUNXJMAHR-UHFFFAOYSA-N
295,C(C(C(F)(F)F)(F)F)(C(C(F)(F)S(=O)(=O)O)(F)F)(F)F,O=S(=O)(O)C(F)(F)C(F)(F)C(F)(F)C(F)(F)C(F)(F)F,ACEKLXZRZOWKRY-UHFFFAOYSA-N
296,C(C(C(F)(F)F)(F)F)(C(C(F)(F)S(=O)(=O)N)(F)F)(F)F,NS(=O)(=O)C(F)(F)C(F)(F)C(F)(F)C(F)(F)C(F)(F)F,KTCODRNGNIXYDE-UHFFFAOYSA-N
297,C[N+]CCC[N-]S(=O)(=O)C(C(C(C(C(F)(F)F)(F)F)(F)F)(F)F)(F)F,C[N+]CCC[N-]S(=O)(=O)C(F)(F)C(F)(F)C(F)(F)C(F)(F)C(F)(F)F,BQAYBIGKFFZXFT-UHFFFAOYSA-N
298,CCN(CC(=O)O)S(=O)(=O)C(C(C(C(C(F)(F)F)(F)F)(F)F)(F)F)(F)F,CCN(CC(=O)O)S(=O)(=O)C(F)(F)C(F)(F)C(F)(F)C(F)(F)C(F)(F)F,MJELJHFNXRAPHF-UHFFFAOYSA-N
299,CN(CC(=O)O)S(=O)(=O)C(C(C(C(C(F)(F)F)(F)F)(F)F)(F)F)(F)F,CN(CC(=O)O)S(=O)(=O)C(F)(F)C(F)(F)C(F)(F)C(F)(F)C(F)(F)F,PCJKVWPGABCQGW-UHFFFAOYSA-N
300,C[N+](C)(CCCN(CCC(=O)[O-])S(=O)(=O)C(C(C(C(F)(F)F)(F)F)(F)F)(F)F)CCC(=O)[O-],C[N+](C)(CCCN(CCC(=O)[O-])S(=O)(=O)C(F)(F)C(F)(F)C(F)(F)C(F)(F)F)CCC(=O)[O-],MCEHNRJGXCTCKQ-UHFFFAOYSA-M
301,C[N+](C)(CCCNC(=O)C(C(C(C(C(C(C(F)(F)F)(F)F)(F)F)(F)F)(F)F)(F)F)(F)F)CCC(=O)[O-],C[N+](C)(CCCNC(=O)C(F)(F)C(F)(F)C(F)(F)C(F)(F)C(F)(F)C(F)(F)C(F)(F)F)CCC(=O)[O-],JREGIWWPXUQSBC-UHFFFAOYSA-N
302,C(CNC(=O)C(C(C(C(C(C(C(F)(F)F)(F)F)(F)F)(F)F)(F)F)(F)F)(F)F)C(=O)O,O=C(O)CCNC(=O)C(F)(F)C(F)(F)C(F)(F)C(F)(F)C(F)(F)C(F)(F)C(F)(F)F,WIPMNTYSSRXAND-UHFFFAOYSA-N
303,CN(C)CCCNC(=O)C(C(C(C(C(C(C(F)(F)F)(F)F)(F)F)(F)F)(F)F)(F)F)(F)F,CN(C)CCCNC(=O)C(F)(F)C(F)(F)C(F)(F)C(F)(F)C(F)(F)C(F)(F)C(F)(F)F,STMOMAISLIDGHH-UHFFFAOYSA-N
304,C[N+](C)(CCCNC(=O)C(C(C(C(C(C(C(F)(F)F)(F)F)(F)F)(F)F)(F)F)(F)F)(F)F)[O-],C[N+](C)([O-])CCCNC(=O)C(F)(F)C(F)(F)C(F)(F)C(F)(F)C(F)(F)C(F)(F)C(F)(F)F,YHXVORTWNXVWIA-UHFFFAOYSA-N
305,C(CN)CNC(=O)C(C(C(C(C(C(C(F)(F)F)(F)F)(F)F)(F)F)(F)F)(F)F)(F)F,NCCCNC(=O)C(F)(F)C(F)(F)C(F)(F)C(F)(F)C(F)(F)C(F)(F)C(F)(F)F,YIQVOMZDSOSAQY-UHFFFAOYSA-N
306,CNCCCNC(=O)C(C(C(C(C(C(C(F)(F)F)(F)F)(F)F)(F)F)(F)F)(F)F)(F)F,CNCCCNC(=O)C(F)(F)C(F)(F)C(F)(F)C(F)(F)C(F)(F)C(F)(F)C(F)(F)F,CIHUQYRKXMQLDI-UHFFFAOYSA-N
307,C(=O)(C(C(=O)O)(F)F)O,O=C(O)C(F)(F)C(=O)O,LIHVFFFGWFBSAT-UHFFFAOYSA-N
308,C(CO)C(C(C(C(C(CC(C(C(C(F)(F)F)(F)F)(F)F)(F)F)(F)F)(F)F)(F)F)(F)F)(F)F,OCCC(F)(F)C(F)(F)C(F)(F)C(F)(F)C(F)(F)CC(F)(F)C(F)(F)C(F)(F)C(F)(F)F,XETVAXJOHQIQKB-UHFFFAOYSA-N
309,C(=C(\C(C(C(F)(F)F)(F)F)(F)F)/F)/C(C(C(=O)O)(F)F)(F)F,O=C(O)C(F)(F)C(F)(F)C=C(F)C(F)(F)C(F)(F)C(F)(F)F,IJQRBRVPZMJBTA-UHFFFAOYSA-N
310,C(=C(\C(C(C(=O)O)(F)F)(F)F)/F)/C(C(C(C(F)(F)F)(F)F)(F)F)(F)F,O=C(O)C(F)(F)C(F)(F)C(F)=CC(F)(F)C(F)(F)C(F)(F)C(F)(F)F,YVTQCRKQLRTFCG-UHFFFAOYSA-N
311,C(=C(\C(C(C(F)(F)F)(F)F)(F)F)/F)/C(C(C(C(C(=O)O)(F)F)(F)F)(F)F)(F)F,O=C(O)C(F)(F)C(F)(F)C(F)(F)C(F)(F)C=C(F)C(F)(F)C(F)(F)C(F)(F)F,ZNFTUYQJGBTNDV-UHFFFAOYSA-N
312,C(C(=O)O)C(C(C(C(C(CC(C(C(C(F)(F)F)(F)F)(F)F)(F)F)(F)F)(F)F)(F)F)(F)F)(F)F,O=C(O)CC(F)(F)C(F)(F)C(F)(F)C(F)(F)C(F)(F)CC(F)(F)C(F)(F)C(F)(F)C(F)(F)F,SBVPNSCUXKFSLE-UHFFFAOYSA-N
313,C(=C(\C(C(C(F)(F)F)(F)F)(F)F)/F)/C(C(C(C(=O)O)(F)F)(F)F)(F)F,O=C(O)C(F)(F)C(F)(F)C(F)(F)C=C(F)C(F)(F)C(F)(F)C(F)(F)F,GLZPNOSQIXWAGX-UHFFFAOYSA-N
314,C(=O)(C(C(C(C(C(=O)O)(F)F)(F)F)(F)F)(F)F)O,O=C(O)C(F)(F)C(F)(F)C(F)(F)C(F)(F)C(=O)O,AXRSOGFYDSXLQX-UHFFFAOYSA-N
315,C(=C(\C(C(C(C(CC(C(C(C(F)(F)F)(F)F)(F)F)(F)F)(F)F)(F)F)(F)F)(F)F)/F)/C(=O)O,O=C(O)C=C(F)C(F)(F)C(F)(F)C(F)(F)C(F)(F)CC(F)(F)C(F)(F)C(F)(F)C(F)(F)F,RMYPQKNLXUXTFZ-UHFFFAOYSA-N
316,C(=C(\C(C(C(C(/C=C(/C(C(C(F)(F)F)(F)F)(F)F)\F)(F)F)(F)F)(F)F)(F)F)/F)/C(=O)O,O=C(O)C=C(F)C(F)(F)C(F)(F)C(F)(F)C(F)(F)C=C(F)C(F)(F)C(F)(F)C(F)(F)F,YBHZNIRKOSXPLA-UHFFFAOYSA-N
317,C(=C(\C(C(=O)O)(F)F)/F)/C(C(C(C(F)(F)F)(F)F)(F)F)(F)F,O=C(O)C(F)(F)C(F)=CC(F)(F)C(F)(F)C(F)(F)C(F)(F)F,JSBAAVPRTSOXFE-UHFFFAOYSA-N
318,C(=C(\C(C(C(C(=O)O)(F)F)(F)F)(F)F)/F)/C(C(C(C(F)(F)F)(F)F)(F)F)(F)F,O=C(O)C(F)(F)C(F)(F)C(F)(F)C(F)=CC(F)(F)C(F)(F)C(F)(F)C(F)(F)F,PQFUIHDRZJMRGH-UHFFFAOYSA-N
319,C(=C(\C(C(C(/C(=C/C(C(C(C(F)(F)F)(F)F)(F)F)(F)F)/F)(F)F)(F)F)(F)F)/F)/C(=O)O,O=C(O)C=C(F)C(F)(F)C(F)(F)C(F)(F)C(F)=CC(F)(F)C(F)(F)C(F)(F)C(F)(F)F,NZPLNEAQRLWFQZ-UHFFFAOYSA-N
320,C(=O)(C(C(C(C(=O)O)(F)F)(F)F)(F)F)O,O=C(O)C(F)(F)C(F)(F)C(F)(F)C(=O)O,CCUWGJDGLACFQT-UHFFFAOYSA-N
321,C(=O)(C(C(C(=O)O)(F)F)(F)F)O,O=C(O)C(F)(F)C(F)(F)C(=O)O,YUDUFRYTKFGQCL-UHFFFAOYSA-N
322,CCN(CC=O)S(=O)(=O)C(C(C(C(C(C(C(C(F)(F)F)(F)F)(F)F)(F)F)(F)F)(F)F)(F)F)(F)F,CCN(CC=O)S(=O)(=O)C(F)(F)C(F)(F)C(F)(F)C(F)(F)C(F)(F)C(F)(F)C(F)(F)C(F)(F)F,XTDWNFSGEJYBPD-UHFFFAOYSA-N
323,C(CO)NS(=O)(=O)C(C(C(C(C(C(C(C(F)(F)F)(F)F)(F)F)(F)F)(F)F)(F)F)(F)F)(F)F,O=S(=O)(NCCO)C(F)(F)C(F)(F)C(F)(F)C(F)(F)C(F)(F)C(F)(F)C(F)(F)C(F)(F)F,AZJIYAIYELWMPL-UHFFFAOYSA-N
324,C(C=O)NS(=O)(=O)C(C(C(C(C(C(C(C(F)(F)F)(F)F)(F)F)(F)F)(F)F)(F)F)(F)F)(F)F,O=CCNS(=O)(=O)C(F)(F)C(F)(F)C(F)(F)C(F)(F)C(F)(F)C(F)(F)C(F)(F)C(F)(F)F,DTKWOQZHQQMDSO-UHFFFAOYSA-N
325,CCN(CCO)S(=O)(=O)C(C(C(C(C(C(C(C(F)(F)F)(F)F)(F)F)(F)F)(F)F)(F)F)(F)F)(F)F,CCN(CCO)S(=O)(=O)C(F)(F)C(F)(F)C(F)(F)C(F)(F)C(F)(F)C(F)(F)C(F)(F)C(F)(F)F,HUFHNYZNTFSKCT-UHFFFAOYSA-N
326,CCNS(=O)(=O)C(C(C(C(C(C(C(C(F)(F)F)(F)F)(F)F)(F)F)(F)F)(F)F)(F)F)(F)F,CCNS(=O)(=O)C(F)(F)C(F)(F)C(F)(F)C(F)(F)C(F)(F)C(F)(F)C(F)(F)C(F)(F)F,CCEKAJIANROZEO-UHFFFAOYSA-N
327,C(CCCNC(=O)OCCC(C(C(C(C(C(C(C(F)(F)F)(F)F)(F)F)(F)F)(F)F)(F)F)(F)F)(F)F)CCNC(=O)OCCC(C(C(C(C(C(C(C(F)(F)F)(F)F)(F)F)(F)F)(F)F)(F)F)(F)F)(F)F,O=C(NCCCCCCNC(=O)OCCC(F)(F)C(F)(F)C(F)(F)C(F)(F)C(F)(F)C(F)(F)C(F)(F)C(F)(F)F)OCCC(F)(F)C(F)(F)C(F)(F)C(F)(F)C(F)(F)C(F)(F)C(F)(F)C(F)(F)F,ZZPHVBISPDCCKL-UHFFFAOYSA-N
328,C(C(C(C(C(F)(F)S(=O)O)(F)F)(F)F)(F)F)(C(C(C(F)(F)F)(F)F)(F)F)(F)F,O=S(O)C(F)(F)C(F)(F)C(F)(F)C(F)(F)C(F)(F)C(F)(F)C(F)(F)C(F)(F)F,DFCYBFLXCKGZML-UHFFFAOYSA-N
329,C(CN)CNS(=O)(=O)C(C(C(C(C(C(F)(F)F)(F)F)(F)F)(F)F)(F)F)(F)F,NCCCNS(=O)(=O)C(F)(F)C(F)(F)C(F)(F)C(F)(F)C(F)(F)C(F)(F)F,HNNXJRYSGJHZSQ-UHFFFAOYSA-N
330,C(CNS(=O)(=O)C(C(C(C(C(C(F)(F)F)(F)F)(F)F)(F)F)(F)F)(F)F)C=O,O=CCCNS(=O)(=O)C(F)(F)C(F)(F)C(F)(F)C(F)(F)C(F)(F)C(F)(F)F,PVZBVAJZWYEMRF-UHFFFAOYSA-N
331,C[N+](C)(C)CCCNS(=O)(=O)C(C(C(C(C(C(F)(F)F)(F)F)(F)F)(F)F)(F)F)(F)F,C[N+](C)(C)CCCNS(=O)(=O)C(F)(F)C(F)(F)C(F)(F)C(F)(F)C(F)(F)C(F)(F)F,OWBYGXNKMFLAMD-UHFFFAOYSA-N
332,CNCCCNS(=O)(=O)C(C(C(C(C(C(F)(F)F)(F)F)(F)F)(F)F)(F)F)(F)F,CNCCCNS(=O)(=O)C(F)(F)C(F)(F)C(F)(F)C(F)(F)C(F)(F)C(F)(F)F,RZNOCGYUCRRPCI-UHFFFAOYSA-N
333,C(CO)NC(=O)C(C(C(C(C(C(C(F)(F)F)(F)F)(F)F)(F)F)(F)F)(F)F)(F)F,O=C(NCCO)C(F)(F)C(F)(F)C(F)(F)C(F)(F)C(F)(F)C(F)(F)C(F)(F)F,ZATOFJIVPAZTIE-UHFFFAOYSA-N
334,C(C=O)NC(=O)C(C(C(C(C(C(C(F)(F)F)(F)F)(F)F)(F)F)(F)F)(F)F)(F)F,O=CCNC(=O)C(F)(F)C(F)(F)C(F)(F)C(F)(F)C(F)(F)C(F)(F)C(F)(F)F,VCWMBPUCYNETON-UHFFFAOYSA-N
335,C(=O)(C(C(C(C(C(C(C(F)(F)F)(F)F)(F)F)(F)F)(F)F)(F)F)(F)F)N,NC(=O)C(F)(F)C(F)(F)C(F)(F)C(F)(F)C(F)(F)C(F)(F)C(F)(F)F,UGMUDSKJLAUMTC-UHFFFAOYSA-N
336,C(C(=O)O)NC(=O)C(C(C(C(C(C(C(F)(F)F)(F)F)(F)F)(F)F)(F)F)(F)F)(F)F,O=C(O)CNC(=O)C(F)(F)C(F)(F)C(F)(F)C(F)(F)C(F)(F)C(F)(F)C(F)(F)F,KZYDHGQYENTJQK-UHFFFAOYSA-N
337,C(CNC(=O)C(C(C(C(C(C(C(F)(F)F)(F)F)(F)F)(F)F)(F)F)(F)F)(F)F)C=O,O=CCCNC(=O)C(F)(F)C(F)(F)C(F)(F)C(F)(F)C(F)(F)C(F)(F)C(F)(F)F,KOYKTJBGTDDHHT-UHFFFAOYSA-N
338,CCNC(=O)C(C(C(C(C(C(C(F)(F)F)(F)F)(F)F)(F)F)(F)F)(F)F)(F)F,CCNC(=O)C(F)(F)C(F)(F)C(F)(F)C(F)(F)C(F)(F)C(F)(F)C(F)(F)F,XSXMZXBMPHWDLH-UHFFFAOYSA-N
339,C[N+](C)(CC(C[N-]S(=O)(=O)C(C(C(C(C(C(C(C(F)(F)F)(F)F)(F)F)(F)F)(F)F)(F)F)(F)F)(F)F)O)CC(=O)[O-],C[N+](C)(CC(=O)[O-])CC(O)C[N-]S(=O)(=O)C(F)(F)C(F)(F)C(F)(F)C(F)(F)C(F)(F)C(F)(F)C(F)(F)C(F)(F)F,AABMKJQMTYBMPV-UHFFFAOYSA-M
340,C(C[NH3+])C[N-]S(=O)(=O)C(C(C(C(C(C(C(C(F)(F)F)(F)F)(F)F)(F)F)(F)F)(F)F)(F)F)(F)F,[NH3+]CCC[N-]S(=O)(=O)C(F)(F)C(F)(F)C(F)(F)C(F)(F)C(F)(F)C(F)(F)C(F)(F)C(F)(F)F,OEGLTCYBZVDGMA-UHFFFAOYSA-O
341,C[NH+](CCC[N-]S(=O)(=O)C(C(C(C(C(C(C(C(F)(F)F)(F)F)(F)F)(F)F)(F)F)(F)F)(F)F)(F)F)CC(=O)[O-],C[NH+](CCC[N-]S(=O)(=O)C(F)(F)C(F)(F)C(F)(F)C(F)(F)C(F)(F)C(F)(F)C(F)(F)C(F)(F)F)CC(=O)[O-],SVYSGDHLSWDNJS-UHFFFAOYSA-N
342,C[N+](C)(CC(=O)[O-])C(CC[N-]S(=O)(=O)C(C(C(C(C(C(C(C(F)(F)F)(F)F)(F)F)(F)F)(F)F)(F)F)(F)F)(F)F)O,C[N+](C)(CC(=O)[O-])C(O)CC[N-]S(=O)(=O)C(F)(F)C(F)(F)C(F)(F)C(F)(F)C(F)(F)C(F)(F)C(F)(F)C(F)(F)F,JDHGVJPRLJEAKF-UHFFFAOYSA-M
343,C(C(C(C(C(F)(F)[S-](=O)=O)(F)F)(F)F)(F)F)(C(C(C(F)(F)F)(F)F)(F)F)(F)F,O=[S-](=O)C(F)(F)C(F)(F)C(F)(F)C(F)(F)C(F)(F)C(F)(F)C(F)(F)C(F)(F)F,HTDKCBYCZDXXBD-UHFFFAOYSA-N
344,C[N+](C)(CCC([N-]S(=O)(=O)C(C(C(C(C(C(C(C(F)(F)F)(F)F)(F)F)(F)F)(F)F)(F)F)(F)F)(F)F)O)CC(=O)[O-],C[N+](C)(CCC(O)[N-]S(=O)(=O)C(F)(F)C(F)(F)C(F)(F)C(F)(F)C(F)(F)C(F)(F)C(F)(F)C(F)(F)F)CC(=O)[O-],RJCOUKFPNHQSDG-UHFFFAOYSA-M
345,C(C(C(C(C(F)(F)S(=O)(=O)[NH-])(F)F)(F)F)(F)F)(C(C(C(F)(F)F)(F)F)(F)F)(F)F,[NH-]S(=O)(=O)C(F)(F)C(F)(F)C(F)(F)C(F)(F)C(F)(F)C(F)(F)C(F)(F)C(F)(F)F,ADORIDAQIIRSBL-UHFFFAOYSA-N
346,C(C(C(C(C(F)(F)S(=O)(=O)[O-])(F)F)(F)F)(F)F)(C(C(C(F)(F)F)(F)F)(F)F)(F)F,O=S(=O)([O-])C(F)(F)C(F)(F)C(F)(F)C(F)(F)C(F)(F)C(F)(F)C(F)(F)C(F)(F)F,YFSUTJLHUFNCNZ-UHFFFAOYSA-M
347,C(C(=O)[O-])[N-]S(=O)(=O)C(C(C(C(C(C(C(C(F)(F)F)(F)F)(F)F)(F)F)(F)F)(F)F)(F)F)(F)F,O=C([O-])C[N-]S(=O)(=O)C(F)(F)C(F)(F)C(F)(F)C(F)(F)C(F)(F)C(F)(F)C(F)(F)C(F)(F)F,QGEMXTYOKLJLNR-UHFFFAOYSA-M
348,C(C[N-]S(=O)(=O)C(C(C(C(C(C(C(C(F)(F)F)(F)F)(F)F)(F)F)(F)F)(F)F)(F)F)(F)F)C(=O)[O-],O=C([O-])CC[N-]S(=O)(=O)C(F)(F)C(F)(F)C(F)(F)C(F)(F)C(F)(F)C(F)(F)C(F)(F)C(F)(F)F,QQZSDCQDSWTJEX-UHFFFAOYSA-M
349,C[N+](C)(CCC[N-]S(=O)(=O)C(C(C(C(C(C(C(C(F)(F)F)(F)F)(F)F)(F)F)(F)F)(F)F)(F)F)(F)F)CC(=O)[O-],C[N+](C)(CCC[N-]S(=O)(=O)C(F)(F)C(F)(F)C(F)(F)C(F)(F)C(F)(F)C(F)(F)C(F)(F)C(F)(F)F)CC(=O)[O-],SBCCVBSXHKQBRP-UHFFFAOYSA-M
350,C[N+](C)(CCCNS(=O)(=O)C(C(C(C(C(C(F)(F)F)(F)F)(F)F)(F)F)(F)F)(F)F)CC(CS(=O)(=O)O)O,C[N+](C)(CCCNS(=O)(=O)C(F)(F)C(F)(F)C(F)(F)C(F)(F)C(F)(F)C(F)(F)F)CC(O)CS(=O)(=O)O,MEXQEENXUFLERY-UHFFFAOYSA-O
351,CN(C)S(=O)(=O)C(C(C(C(C(C(F)(F)F)(F)F)(F)F)(F)F)(F)F)(F)F,CN(C)S(=O)(=O)C(F)(F)C(F)(F)C(F)(F)C(F)(F)C(F)(F)C(F)(F)F,XXWVQQPYWSIJGT-UHFFFAOYSA-N
352,C[N+](C)(CCCN(CC(CS(=O)(=O)O)O)S(=O)(=O)C(C(C(C(C(C(F)(F)F)(F)F)(F)F)(F)F)(F)F)(F)F)CC(CS(=O)(=O)O)O,C[N+](C)(CCCN(CC(O)CS(=O)(=O)O)S(=O)(=O)C(F)(F)C(F)(F)C(F)(F)C(F)(F)C(F)(F)C(F)(F)F)CC(O)CS(=O)(=O)O,HQILQIXAHVRCNF-UHFFFAOYSA-O
353,CCN(CCOP(=O)(O)O)S(=O)(=O)C(C(C(C(C(C(C(C(F)(F)F)(F)F)(F)F)(F)F)(F)F)(F)F)(F)F)(F)F,CCN(CCOP(=O)(O)O)S(=O)(=O)C(F)(F)C(F)(F)C(F)(F)C(F)(F)C(F)(F)C(F)(F)C(F)(F)C(F)(F)F,JRSUJBJSUYPODE-UHFFFAOYSA-N
354,CCN(CCOP(=O)(O)OCCN(CC)S(=O)(=O)C(C(C(C(C(C(C(C(F)(F)F)(F)F)(F)F)(F)F)(F)F)(F)F)(F)F)(F)F)S(=O)(=O)C(C(C(C(C(C(C(C(F)(F)F)(F)F)(F)F)(F)F)(F)F)(F)F)(F)F)(F)F,CCN(CCOP(=O)(O)OCCN(CC)S(=O)(=O)C(F)(F)C(F)(F)C(F)(F)C(F)(F)C(F)(F)C(F)(F)C(F)(F)C(F)(F)F)S(=O)(=O)C(F)(F)C(F)(F)C(F)(F)C(F)(F)C(F)(F)C(F)(F)C(F)(F)C(F)(F)F,BZZAKKWGRKFWJJ-UHFFFAOYSA-N
355,C(CNS(=O)(=O)C(C(C(C(C(C(F)(F)F)(F)F)(F)F)(F)F)(F)F)(F)F)CS(=O)(=O)O,O=S(=O)(O)CCCNS(=O)(=O)C(F)(F)C(F)(F)C(F)(F)C(F)(F)C(F)(F)C(F)(F)F,IFYYQLFVVGOIPH-UHFFFAOYSA-N
356,C[N+](C)(CCCNS(=O)(=O)C(C(C(C(C(C(F)(F)F)(F)F)(F)F)(F)F)(F)F)(F)F)CCCS(=O)(=O)O,C[N+](C)(CCCNS(=O)(=O)C(F)(F)C(F)(F)C(F)(F)C(F)(F)C(F)(F)C(F)(F)F)CCCS(=O)(=O)O,HQZMVHMXSNFQPY-UHFFFAOYSA-O
357,C[N+](C)(CCCN(CC(=O)O)S(=O)(=O)C(C(C(C(C(C(F)(F)F)(F)F)(F)F)(F)F)(F)F)(F)F)CCCS(=O)(=O)O,C[N+](C)(CCCN(CC(=O)O)S(=O)(=O)C(F)(F)C(F)(F)C(F)(F)C(F)(F)C(F)(F)C(F)(F)F)CCCS(=O)(=O)O,ULXXTBSQAWPGEP-UHFFFAOYSA-O
358,C[N+](C)(CCCN(CCCS(=O)(=O)O)S(=O)(=O)C(C(C(C(C(C(F)(F)F)(F)F)(F)F)(F)F)(F)F)(F)F)CCCS(=O)(=O)O,C[N+](C)(CCCN(CCCS(=O)(=O)O)S(=O)(=O)C(F)(F)C(F)(F)C(F)(F)C(F)(F)C(F)(F)C(F)(F)F)CCCS(=O)(=O)O,XJWXHAVPVAKYGX-UHFFFAOYSA-O
359,C[N+](C)(CCC[N-]S(=O)(=O)C(C(C(C(F)(F)F)(F)F)(F)F)(F)F)[O-],C[N+](C)([O-])CCC[N-]S(=O)(=O)C(F)(F)C(F)(F)C(F)(F)C(F)(F)F,LLPGAPCUVRRSDF-UHFFFAOYSA-N
360,C[N+](C)(C)CCC[N-]S(=O)(=O)C(C(C(C(F)(F)F)(F)F)(F)F)(F)F,C[N+](C)(C)CCC[N-]S(=O)(=O)C(F)(F)C(F)(F)C(F)(F)C(F)(F)F,BJPYLMDBQHZKRL-UHFFFAOYSA-N
361,C[N+](C)(C)CCCN(CC(=O)[O-])S(=O)(=O)C(C(C(C(F)(F)F)(F)F)(F)F)(F)F,C[N+](C)(C)CCCN(CC(=O)[O-])S(=O)(=O)C(F)(F)C(F)(F)C(F)(F)C(F)(F)F,AUKCOJGVBNCPSH-UHFFFAOYSA-N
362,C[N+](C)(C)CCCN(CC(=O)[O-])S(=O)(=O)C(C(C(C(C(C(F)(F)F)(F)F)(F)F)(F)F)(F)F)(F)F,C[N+](C)(C)CCCN(CC(=O)[O-])S(=O)(=O)C(F)(F)C(F)(F)C(F)(F)C(F)(F)C(F)(F)C(F)(F)F,PHLQZHXBMDKUNG-UHFFFAOYSA-N
363,C[N+](C)(C)CCC[N-]S(=O)(=O)C(C(C(C(C(C(F)(F)F)(F)F)(F)F)(F)F)(F)F)(F)F,C[N+](C)(C)CCC[N-]S(=O)(=O)C(F)(F)C(F)(F)C(F)(F)C(F)(F)C(F)(F)C(F)(F)F,IYEGKHOUXHEZTH-UHFFFAOYSA-N
364,C[N+](C)(C)CCC[N-]S(=O)(=O)C(C(C(C(C(F)(F)F)(F)F)(F)F)(F)F)(F)F,C[N+](C)(C)CCC[N-]S(=O)(=O)C(F)(F)C(F)(F)C(F)(F)C(F)(F)C(F)(F)F,VDIXZEWCLSWEQX-UHFFFAOYSA-N
365,C[N+](C)(CCC[N-]S(=O)(=O)C(C(C(C(C(F)(F)F)(F)F)(F)F)(F)F)(F)F)[O-],C[N+](C)([O-])CCC[N-]S(=O)(=O)C(F)(F)C(F)(F)C(F)(F)C(F)(F)C(F)(F)F,HPMSTWOEZBYACQ-UHFFFAOYSA-N
366,C[NH+](C)CCC[N-]S(=O)(=O)C(C(C(C(C(F)(F)F)(F)F)(F)F)(F)F)(F)F,C[NH+](C)CCC[N-]S(=O)(=O)C(F)(F)C(F)(F)C(F)(F)C(F)(F)C(F)(F)F,LOXRPANBDRJCBX-UHFFFAOYSA-O
367,C[N+](C)(C)CCCN(CC(=O)[O-])S(=O)(=O)C(C(C(C(C(F)(F)F)(F)F)(F)F)(F)F)(F)F,C[N+](C)(C)CCCN(CC(=O)[O-])S(=O)(=O)C(F)(F)C(F)(F)C(F)(F)C(F)(F)C(F)(F)F,AFGCUTYSZLJLTN-UHFFFAOYSA-N
368,CC1=CC=C(C=C1NC(=O)OCCC(C(C(C(C(C(C(C(F)(F)F)(F)F)(F)F)(F)F)(F)F)(F)F)(F)F)(F)F)NC(=O)OCCC(C(C(C(C(C(C(C(F)(F)F)(F)F)(F)F)(F)F)(F)F)(F)F)(F)F)(F)F,Cc1ccc(NC(=O)OCCC(F)(F)C(F)(F)C(F)(F)C(F)(F)C(F)(F)C(F)(F)C(F)(F)C(F)(F)F)cc1NC(=O)OCCC(F)(F)C(F)(F)C(F)(F)C(F)(F)C(F)(F)C(F)(F)C(F)(F)C(F)(F)F,WXFBMNOVXVBRPY-UHFFFAOYSA-N
369,C(CSC(C(F)OC(C(C(F)(F)F)(F)F)(F)F)(F)F)O,OCCSC(F)(F)C(F)OC(F)(F)C(F)(F)C(F)(F)F,LHDNIAQMOXWLLQ-UHFFFAOYSA-N
370,C(C(F)(F)O)(F)OC(C(C(F)(F)F)(F)F)(F)F,OC(F)(F)C(F)OC(F)(F)C(F)(F)C(F)(F)F,OKWLCLLGKXUCJL-UHFFFAOYSA-N
371,C(CSC(C(F)OC(C(C(F)(F)F)(F)F)(F)F)(F)F)OC(=O)C(CC(=O)O)S(=O)(=O)O,O=C(O)CC(C(=O)OCCSC(F)(F)C(F)OC(F)(F)C(F)(F)C(F)(F)F)S(=O)(=O)O,OKABBYZRBJNOFH-UHFFFAOYSA-N
372,C(=O)(C(C(F)(F)F)(F)F)O,O=C(O)C(F)(F)C(F)(F)F,LRMSQVBRUNSOJL-UHFFFAOYSA-N
373,C(CSC(C(F)OC(C(C(F)(F)F)(F)F)(F)F)(F)F)OC(=O)CC(C(=O)OCCSC(C(F)OC(C(C(F)(F)F)(F)F)(F)F)(F)F)S(=O)(=O)O,O=C(CC(C(=O)OCCSC(F)(F)C(F)OC(F)(F)C(F)(F)C(F)(F)F)S(=O)(=O)O)OCCSC(F)(F)C(F)OC(F)(F)C(F)(F)C(F)(F)F,NCWCLWXESLPYDV-UHFFFAOYSA-N
374,C(C(=O)O)(F)OC(C(C(F)(F)F)(F)F)(F)F,O=C(O)C(F)OC(F)(F)C(F)(F)C(F)(F)F,SOPKUPKNOTUECV-UHFFFAOYSA-N
375,C(C(F)(F)S(=O)(=O)O)(F)OC(C(C(F)(F)F)(F)F)(F)F,O=S(=O)(O)C(F)(F)C(F)OC(F)(F)C(F)(F)C(F)(F)F,OLQKBWLFPYHHAD-UHFFFAOYSA-N
376,C(C(=O)O)SC(C(F)OC(C(C(F)(F)F)(F)F)(F)F)(F)F,O=C(O)CSC(F)(F)C(F)OC(F)(F)C(F)(F)C(F)(F)F,JDJPDQHSPWYMJO-UHFFFAOYSA-N
377,C(=O)(C(F)OC(C(C(F)(F)F)(F)F)(F)F)F,O=C(F)C(F)OC(F)(F)C(F)(F)C(F)(F)F,OKZBMGGHOIFUDX-UHFFFAOYSA-N
