,Unnamed: 0,PREFERRED_NAME,SMILES,SIZE,SIZE_CATEGORY,standardized SMILES,INCHIKEY,TSNE1,TSNE2
0,0,PFNA,C(=O)(C(C(C(C(C(C(C(C(F)(F)F)(F)F)(F)F)(F)F)(F)F)(F)F)(F)F)(F)F)O,65,big,O=C(O)C(F)(F)C(F)(F)C(F)(F)C(F)(F)C(F)(F)C(F)(F)C(F)(F)C(F)(F)F,UZUFPBIDKMEQEQ-UHFFFAOYSA-N,-3.460006823,-14.68985137
1,1,PFDA,C(=O)(C(C(C(C(C(C(C(C(C(F)(F)F)(F)F)(F)F)(F)F)(F)F)(F)F)(F)F)(F)F)(F)F)O,72,big,O=C(O)C(F)(F)C(F)(F)C(F)(F)C(F)(F)C(F)(F)C(F)(F)C(F)(F)C(F)(F)C(F)(F)F,PCIUEQPBYFRTEM-UHFFFAOYSA-N,-6.924393514,-7.807370085
2,2,10:2 FTOH,C(CO)C(C(C(C(C(C(C(C(C(C(F)(F)F)(F)F)(F)F)(F)F)(F)F)(F)F)(F)F)(F)F)(F)F)(F)F,76,big,OCCC(F)(F)C(F)(F)C(F)(F)C(F)(F)C(F)(F)C(F)(F)C(F)(F)C(F)(F)C(F)(F)C(F)(F)F,FLXYIZWPNQYPIT-UHFFFAOYSA-N,-9.027759405,4.291637641
3,3,PFOA,C(=O)(C(C(C(C(C(C(C(F)(F)F)(F)F)(F)F)(F)F)(F)F)(F)F)(F)F)O,58,medium,O=C(O)C(F)(F)C(F)(F)C(F)(F)C(F)(F)C(F)(F)C(F)(F)C(F)(F)F,SNGREZUHAYWORS-UHFFFAOYSA-N,-10.45084512,-9.564261035
4,4,10:2 monoPAP,C(COP(=O)(O)O)C(C(C(C(C(C(C(C(C(C(F)(F)F)(F)F)(F)F)(F)F)(F)F)(F)F)(F)F)(F)F)(F)F)(F)F,85,big,O=P(O)(O)OCCC(F)(F)C(F)(F)C(F)(F)C(F)(F)C(F)(F)C(F)(F)C(F)(F)C(F)(F)C(F)(F)C(F)(F)F,MCYKSXMNSXNCIY-UHFFFAOYSA-N,6.881160458252325,-22.96210209
5,5,1:3 FTCA_143,C(C(=O)[O-])(C(F)(F)F)O,23,small,O=C([O-])C(O)C(F)(F)F,BVKGUTLIPHZYCX-UHFFFAOYSA-M,27.415187974697925,16.860958965698742
6,6,1:3 FTCA,C(CC(F)(F)F)C(=O)[O-],21,small,O=C([O-])CCC(F)(F)F,WTUCTMYLCMVYEX-UHFFFAOYSA-M,32.81524751058745,1.7753391081022418
7,7,1:3 FTCA_139,C(=C\C(F)(F)F)/C(=O)[O-],24,small,O=C([O-])C=CC(F)(F)F,QZBAYURFHCTXOJ-UHFFFAOYSA-M,-8.559904857,24.024501495075892
8,8,1:2 FTCA,C(C(=O)[O-])C(F)(F)F,20,small,O=C([O-])CC(F)(F)F,KSNKQSPJFRQSEI-UHFFFAOYSA-M,-18.64149631,5.130945624096902
9,9,1:3 FTCA_157a,C(C(C(=O)[O-])O)C(F)(F)F,24,small,O=C([O-])C(O)CC(F)(F)F,FGKVOERQNLHPOO-UHFFFAOYSA-M,8.815123658403843,-0.393164784
10,10,1:3 FTCA_intermediate1,[CH-](C=O)C(F)(F)F,18,small,O=C[CH-]C(F)(F)F,MAUKTDWQZCNIKE-UHFFFAOYSA-N,16.46749152126529,-17.5195683
11,11,1:3 FTCA_intermediate2,[C-](=O)C(F)(F)F,16,small,O=[C-]C(F)(F)F,PCLJWLCYVVQVRY-UHFFFAOYSA-N,32.19801058994504,2.5608089262794613
12,12,1:3 FTCA_157b,C(C(C(F)(F)F)O)C(=O)[O-],24,small,O=C([O-])CC(O)C(F)(F)F,ASQMUMZEQLWJRC-UHFFFAOYSA-M,32.095904192830886,3.008179943233749
13,13,TFA,C(=O)(C(F)(F)F)[O-],19,small,O=C([O-])C(F)(F)F,DTQVDTLACAAQTR-UHFFFAOYSA-M,-3.413898857,-14.78427793
14,14,1:3 FTCA_intermediate3,C(C(=O)C(F)(F)F)C(=O)[O-],25,small,O=C([O-])CC(=O)C(F)(F)F,LIQBKSIZAXKCPA-UHFFFAOYSA-M,27.399286651215107,16.778741978387313
15,15,1:4 FTCA,C(CC(=O)[O-])CC(F)(F)F,22,small,O=C([O-])CCCC(F)(F)F,RUEXKRNFAABHHU-UHFFFAOYSA-M,32.74954321738865,2.1308327545343437
16,16,1:4 FTCA_169,C(C(=O)CC(F)(F)F)C(=O)[O-],26,small,O=C([O-])CC(=O)CC(F)(F)F,AFWQDTMMYBTEOZ-UHFFFAOYSA-M,-3.449391274,-14.77437504
17,17,1:4 FTCA_153,C(=C\C(=O)[O-])/CC(F)(F)F,25,small,O=C([O-])C=CCC(F)(F)F,DNJNMLSOKFTGMW-UHFFFAOYSA-M,23.115780954123807,-13.73961581
18,18,1:4 FTCA_171,C(C(CC(F)(F)F)O)C(=O)[O-],25,small,O=C([O-])CC(O)CC(F)(F)F,ZLTDHNHHXMDPGA-UHFFFAOYSA-M,-22.52195102,-1.080209538
19,19,1:4 FTCA_intermediate1,[CH-](CC(F)(F)F)C=O,19,small,O=C[CH-]CC(F)(F)F,BRJQPDDEBLTSDW-UHFFFAOYSA-N,-9.792325487,-1.96155602
20,20,E7-Alcohol Intermediate,C(C(F)(F)O)(F)(F)F,18,small,OC(F)(F)C(F)(F)F,NNZZMYIWZFZLHU-UHFFFAOYSA-N,-3.459762262,-14.79444804
21,21,E7-Hemiacetal Intermediate,C(=O)(C(O)OC(C(F)(F)F)(F)F)[O-],31,medium,O=C([O-])C(O)OC(F)(F)C(F)(F)F,REWNQICOKDEAFQ-UHFFFAOYSA-M,-6.513964663,-5.306214833
22,22,Fluoride Ion,[F-],4,small,[F-],KRHYYFGTRYWZRS-UHFFFAOYSA-M,-3.453789377,-14.71718885
23,23,TFA,C(=O)(C(F)(F)F)O,16,small,O=C(O)C(F)(F)F,DTQVDTLACAAQTR-UHFFFAOYSA-N,25.827272633914536,10.391536163176262
24,24,2-(perfluoroethoxy)acetic acid (E7),C(C(=O)[O-])OC(C(F)(F)F)(F)F,28,small,O=C([O-])COC(F)(F)C(F)(F)F,JBAHPWZULBRKNC-UHFFFAOYSA-M,-28.98072444,-17.81426895
25,25,Oxalate,C(=O)(C(=O)[O-])[O-],20,small,O=C([O-])C(=O)[O-],MUBZPKHOEPUJKR-UHFFFAOYSA-L,28.783118049793234,-16.30644352
26,26,E1-Alcohol Intermediate,C(F)(F)(F)O,11,small,OC(F)(F)F,WZCZNEGTXVXAAS-UHFFFAOYSA-N,-3.490428257,-14.80231184
27,27,2-(trifluoromethoxy)acetic acid (E1),C(C(=O)[O-])OC(F)(F)F,21,small,O=C([O-])COC(F)(F)F,CZXZCEUXKFLRHN-UHFFFAOYSA-M,1.2186224667105596,-8.838754664
28,28,E1-Hemiacetal Intermediate,C(=O)(C(O)OC(F)(F)F)[O-],24,small,O=C([O-])C(O)OC(F)(F)F,YSTZMMUZEOJJHF-UHFFFAOYSA-M,7.628065584478488,-5.880231399
29,29,C3a-CoA intermediate4,CC(C)(COP(=O)(O)OP(=O)(O)OC[C]1[C]([C]([C](N2C=NC3=C2N=CN=C3N)O1)O)OP(=O)(O)O)C(C(=O)NCCC(=O)NCCSC(=O)CC(=O)F)O,111,very big,CC(C)(COP(=O)(O)OP(=O)(O)OC[C]1O[C](n2cnc3c(N)ncnc32)[C](O)[C]1OP(=O)(O)O)C(O)C(=O)NCCC(=O)NCCSC(=O)CC(=O)F,DXZMPGDUJDCXSU-UHFFFAOYSA-N,-10.98774436,6.605676110027199
30,30,C3a-CoA intermediate1,CC(C)(COP(=O)(O)OP(=O)(O)OC[C@@H]1[C@H]([C@H]([C@H](N2C=NC3=C2N=CN=C3N)O1)O)OP(=O)(O)O)C(C(=O)NCCC(=O)NCCSC(=O)CC(F)(F)F)O,122,very big,CC(C)(COP(=O)(O)OP(=O)(O)OCC1OC(n2cnc3c(N)ncnc32)C(O)C1OP(=O)(O)O)C(O)C(=O)NCCC(=O)NCCSC(=O)CC(F)(F)F,RVDBCBSNUKXEMD-UHFFFAOYSA-N,-10.86109944,7.417278963129951
31,31,C3a-CoA intermediate2,CC(C)(COP(=O)(O)OP(=O)(O)OC[C]1[C]([C]([C](N2C=NC3=C2N=CN=C3N)O1)O)OP(=O)(O)O)C(C(=O)NCCC(=O)NCCSC(=O)/C=C(/F)\F)O,114,very big,CC(C)(COP(=O)(O)OP(=O)(O)OC[C]1O[C](n2cnc3c(N)ncnc32)[C](O)[C]1OP(=O)(O)O)C(O)C(=O)NCCC(=O)NCCSC(=O)C=C(F)F,SWOLYPMQXYEIPR-UHFFFAOYSA-N,30.918693933023405,-2.814625518
32,32,Hydrofluoric Acid,F,1,small,F,KRHYYFGTRYWZRS-UHFFFAOYSA-N,-3.490428257,-14.80231184
33,33,C3a-CoA intermediate3,CC(C)(COP(=O)(O)OP(=O)(O)OC[C@@H]1[C@H]([C@H]([C@H](N2C=NC3=C2N=CN=C3N)O1)O)OP(=O)(O)O)C(C(=O)NCCC(=O)NCCSC(=O)CC(F)(F)O)O,122,very big,CC(C)(COP(=O)(O)OP(=O)(O)OCC1OC(n2cnc3c(N)ncnc32)C(O)C1OP(=O)(O)O)C(O)C(=O)NCCC(=O)NCCSC(=O)CC(O)(F)F,CKBXUBXXCBZYNN-UHFFFAOYSA-N,-10.79496143,7.425362404805445
34,34,Malonyl-CoA,CC(C)(COP(=O)(O)OP(=O)(O)OC[C@@H]1[C@H]([C@H]([C@H](N2C=NC3=C2N=CN=C3N)O1)O)OP(=O)(O)O)C(C(=O)NCCC(=O)NCCSC(=O)CC(=O)[O-])O,123,very big,CC(C)(COP(=O)(O)OP(=O)(O)OCC1OC(n2cnc3c(N)ncnc32)C(O)C1OP(=O)(O)O)C(O)C(=O)NCCC(=O)NCCSC(=O)CC(=O)[O-],LTYOQGRJFJAKNA-UHFFFAOYSA-M,-10.79814607,7.425669592714955
35,35,structure 0000318,C(C(=O)O)C(F)(F)F,17,small,O=C(O)CC(F)(F)F,KSNKQSPJFRQSEI-UHFFFAOYSA-N,21.66544357364307,-0.463967788
36,36,Malonate,C(C(=O)[O-])C(=O)[O-],21,small,O=C([O-])CC(=O)[O-],OFOBLEOULBTSOW-UHFFFAOYSA-L,-3.430883649,-14.79700095
37,37,3-(trifluoromethoxy)propanoic acid (E5),C(COC(F)(F)F)C(=O)[O-],22,small,O=C([O-])CCOC(F)(F)F,HZYSVGCHQALZGI-UHFFFAOYSA-M,-7.818291394,-28.07218988
38,38,E5-Hemiacetal Intermediate,C(C(=O)[O-])C(O)OC(F)(F)F,25,small,O=C([O-])CC(O)OC(F)(F)F,SKRICLUVNMPTHN-UHFFFAOYSA-M,31.461492664508853,-2.391188628
39,39,2:3 FTCA,C(CC(C(F)(F)F)(F)F)C(=O)[O-],28,small,O=C([O-])CCC(F)(F)C(F)(F)F,HHSIXPRDVJARSI-UHFFFAOYSA-M,-4.744274296,-8.680964032
40,40,3:3 FTCA_207a,C(=C(\C(C(F)(F)F)(F)F)/F)/C(=O)[O-],35,medium,O=C([O-])C=C(F)C(F)(F)C(F)(F)F,ZJJJWFMRGDMLHL-UHFFFAOYSA-M,-8.454917479,-21.80785219
41,41,3:3 FTCA_243,C(C(=O)[O-])(C(C(C(F)(F)F)(F)F)(F)F)O,37,medium,O=C([O-])C(O)C(F)(F)C(F)(F)C(F)(F)F,CZCPDRGMDRNIGB-UHFFFAOYSA-M,27.25807446452922,17.742761744092636
42,42,3:3 FTCA_intermediate1,[CH-](C=O)C(C(C(F)(F)F)(F)F)(F)F,32,medium,O=C[CH-]C(F)(F)C(F)(F)C(F)(F)F,OOTZALPUCVRWKL-UHFFFAOYSA-N,21.661331872094603,-14.29755021
43,43,2:2 FTCA,C(C(=O)[O-])C(C(F)(F)F)(F)F,27,small,O=C([O-])CC(F)(F)C(F)(F)F,UVLNQGHDUGHTGV-UHFFFAOYSA-M,-22.63201567,-0.965730469
44,44,3:3 FTCA_239,C(=C\C(C(C(F)(F)F)(F)F)(F)F)/C(=O)[O-],38,medium,O=C([O-])C=CC(F)(F)C(F)(F)C(F)(F)F,KRBNWYYINLFKND-UHFFFAOYSA-M,-4.133505249,24.97692907681839
45,45,3:3 FTCA_257,C(C(C(=O)[O-])O)C(C(C(F)(F)F)(F)F)(F)F,38,medium,O=C([O-])C(O)CC(F)(F)C(F)(F)C(F)(F)F,WUVNXJKIROXZAH-UHFFFAOYSA-M,-35.32274465,-7.066165221
46,46,3:2 FTCA,C(C(=O)[O-])C(C(C(F)(F)F)(F)F)(F)F,34,medium,O=C([O-])CC(F)(F)C(F)(F)C(F)(F)F,NLAGAXIWWHZGCK-UHFFFAOYSA-M,-8.203095185,-7.349719479
47,47,3:3 FTCA,C(CC(C(C(F)(F)F)(F)F)(F)F)C(=O)[O-],35,medium,O=C([O-])CCC(F)(F)C(F)(F)C(F)(F)F,ISFKSWMQWIRDNC-UHFFFAOYSA-M,32.98911910157339,1.9301377525650272
48,48,PFPrA,C(=O)(C(C(F)(F)F)(F)F)[O-],26,small,O=C([O-])C(F)(F)C(F)(F)F,LRMSQVBRUNSOJL-UHFFFAOYSA-M,-3.284750559,-14.77972213
49,49,3:3 FTCA_intermediate3,C(C(=O)C(C(C(F)(F)F)(F)F)(F)F)C(=O)[O-],39,medium,O=C([O-])CC(=O)C(F)(F)C(F)(F)C(F)(F)F,YYMGNMAMWUIVEN-UHFFFAOYSA-M,17.47012404675332,-0.48461585
50,50,PFBA,C(=O)(C(C(C(F)(F)F)(F)F)(F)F)[O-],33,medium,O=C([O-])C(F)(F)C(F)(F)C(F)(F)F,YPJUNDFVDDCYIH-UHFFFAOYSA-M,-7.725223892,6.639461126457958
51,51,3:3 FTCA_193,C(C(=O)[O-])(C(C(F)(F)F)(F)F)O,30,medium,O=C([O-])C(O)C(F)(F)C(F)(F)F,JNTFGUKXIMXLRS-UHFFFAOYSA-M,27.395030057350112,17.002395925737428
52,52,3:3 FTCA 207b,C(C(C(=O)[O-])O)C(C(F)(F)F)(F)F,31,medium,O=C([O-])C(O)CC(F)(F)C(F)(F)F,BSCNIRCLHVGUEU-UHFFFAOYSA-M,33.73762233522569,0.9887745027016404
53,53,3:3 FTCA_intermediate2,[C-](=O)C(C(C(F)(F)F)(F)F)(F)F,30,medium,O=[C-]C(F)(F)C(F)(F)C(F)(F)F,VYCRIWMQBLQDTF-UHFFFAOYSA-N,32.47850555,2.7020371230979663
54,54,3:3 FTCA_189,C(=C\C(C(F)(F)F)(F)F)/C(=O)[O-],31,medium,O=C([O-])C=CC(F)(F)C(F)(F)F,NEEGCEUNMCQJQF-UHFFFAOYSA-M,-32.77961612,-6.469352496
55,55,3:3 FTCA_intermediate4,[C-](=O)C(C(F)(F)F)(F)F,23,small,O=[C-]C(F)(F)C(F)(F)F,XFFNLSXVZRPNDD-UHFFFAOYSA-N,8.49941311,7.964284412874201
56,56,3:3 FTCA_intermediate6,C(C(=O)C(C(F)(F)F)(F)F)C(=O)[O-],32,medium,O=C([O-])CC(=O)C(F)(F)C(F)(F)F,XGQYALLQYFBMJC-UHFFFAOYSA-M,19.19842429703786,-21.55446285
57,57,C5b-CoA intermediate3,CC(C)(COP(=O)(O)OP(=O)(O)OC[C@@H]1[C@H]([C@H]([C@H](N2C=NC3=C2N=CN=C3N)O1)O)OP(=O)(O)O)C(C(=O)NCCC(=O)NCCSC(=O)CC(/C(=C(\F)/F)/F)O)O,132,very big,CC(C)(COP(=O)(O)OP(=O)(O)OCC1OC(n2cnc3c(N)ncnc32)C(O)C1OP(=O)(O)O)C(O)C(=O)NCCC(=O)NCCSC(=O)CC(O)C(F)=C(F)F,NWGPJZNLUAPHLD-UHFFFAOYSA-N,-10.8619498,7.455044330090527
58,58,C5b-CoA intermediate2,CC(C)(COP(=O)(O)OP(=O)(O)OC[C]1[C]([C]([C](N2C=NC3=C2N=CN=C3N)O1)O)OP(=O)(O)O)C(C(=O)NCCC(=O)NCCSC(=O)/C=C/C(=C(/F)\F)/F)O,122,very big,CC(C)(COP(=O)(O)OP(=O)(O)OC[C]1O[C](n2cnc3c(N)ncnc32)[C](O)[C]1OP(=O)(O)O)C(O)C(=O)NCCC(=O)NCCSC(=O)C=CC(F)=C(F)F,KTDPZDQWHTVCPI-UHFFFAOYSA-N,-13.80384274,-0.588823263
59,59,"4,5,5-trifluoropent-4-enoic acid",C(CC(=O)[O-])/C(=C(/F)\F)/F,27,small,O=C([O-])CCC(F)=C(F)F,YWHZHTHRRXAUFQ-UHFFFAOYSA-M,-4.083684398,-11.13789265
60,60,C5b-CoA intermediate5,CC(C)(COP(=O)(O)OP(=O)(O)OC[C]1[C]([C]([C](N2C=NC3=C2N=CN=C3N)O1)O)OP(=O)(O)O)C(C(=O)NCCC(=O)NCCSC(=O)C(C(F)(F)O)F)O,116,very big,CC(C)(COP(=O)(O)OP(=O)(O)OC[C]1O[C](n2cnc3c(N)ncnc32)[C](O)[C]1OP(=O)(O)O)C(O)C(=O)NCCC(=O)NCCSC(=O)C(F)C(O)(F)F,PPKXJAPYHAUUHX-UHFFFAOYSA-N,-12.89546244,-0.889237156
61,61,C5b-CoA intermediate6,CC(C)(COP(=O)(O)OP(=O)(O)OC[C@@H]1[C@H]([C@H]([C@H](N2C=NC3=C2N=CN=C3N)O1)O)OP(=O)(O)O)C(C(=O)NCCC(=O)NCCSC(=O)C(C(=O)F)F)O,123,very big,CC(C)(COP(=O)(O)OP(=O)(O)OCC1OC(n2cnc3c(N)ncnc32)C(O)C1OP(=O)(O)O)C(O)C(=O)NCCC(=O)NCCSC(=O)C(F)C(=O)F,SYBRENHPANBUAP-UHFFFAOYSA-N,-10.9725855,7.504760939450404
62,62,C5b-CoA intermediate1,CC(C)(COP(=O)(O)OP(=O)(O)OC[C@@H]1[C@H]([C@H]([C@H](N2C=NC3=C2N=CN=C3N)O1)O)OP(=O)(O)O)C(C(=O)NCCC(=O)NCCSC(=O)CC/C(=C(\F)/F)/F)O,129,very big,CC(C)(COP(=O)(O)OP(=O)(O)OCC1OC(n2cnc3c(N)ncnc32)C(O)C1OP(=O)(O)O)C(O)C(=O)NCCC(=O)NCCSC(=O)CCC(F)=C(F)F,GGVFQMYGROREEZ-UHFFFAOYSA-N,-10.7932711,7.42990306
63,63,C5b-CoA intermediate4,CC(C)(COP(=O)(O)OP(=O)(O)OC[C]1[C]([C]([C](N2C=NC3=C2N=CN=C3N)O1)O)OP(=O)(O)O)C(C(=O)NCCC(=O)NCCSC(=O)/C(=C(\F)/F)/F)O,118,very big,CC(C)(COP(=O)(O)OP(=O)(O)OC[C]1O[C](n2cnc3c(N)ncnc32)[C](O)[C]1OP(=O)(O)O)C(O)C(=O)NCCC(=O)NCCSC(=O)C(F)=C(F)F,IBYRJUMKGZQYBI-UHFFFAOYSA-N,-11.43977144,7.473389803951566
64,64,monofluoromalonyl-CoA,CC(C)(COP(=O)(O)OP(=O)(O)OC[C]1[C]([C]([C](N2C=NC3=C2N=CN=C3N)O1)O)OP(=O)(O)O)C(C(=O)NCCC(=O)NCCSC(=O)C(C(=O)[O-])F)O,117,very big,CC(C)(COP(=O)(O)OP(=O)(O)OC[C]1O[C](n2cnc3c(N)ncnc32)[C](O)[C]1OP(=O)(O)O)C(O)C(=O)NCCC(=O)NCCSC(=O)C(F)C(=O)[O-],OATKGRDKRNIOFQ-UHFFFAOYSA-M,-12.60048542,3.242419094409606
65,65,4:2 FTS,C(CS(=O)(=O)[O-])C(C(C(C(F)(F)F)(F)F)(F)F)(F)F,46,medium,O=S(=O)([O-])CCC(F)(F)C(F)(F)C(F)(F)C(F)(F)F,TXGIGTRUEITPSC-UHFFFAOYSA-M,-12.08738027,10.492462555663186
66,66,4:2 FTS_intermediate10,[CH-](C=O)C(C(F)(F)F)(F)F,25,small,O=C[CH-]C(F)(F)C(F)(F)F,SERXUANIUBGOAA-UHFFFAOYSA-N,21.252987247451802,-14.83387993
67,67,4:2 FTS_293,C(C(=O)O)(C(C(C(C(F)(F)F)(F)F)(F)F)(F)F)O,41,medium,O=C(O)C(O)C(F)(F)C(F)(F)C(F)(F)C(F)(F)F,SWPJKZQOLDEXNB-UHFFFAOYSA-N,-2.384736893,-15.56325382
68,68,4:2 FTS_343,C(C(C(C(C(C(F)(F)F)(F)F)(F)F)(F)F)O)S(=O)(=O)[O-],49,medium,O=S(=O)([O-])CC(O)C(F)(F)C(F)(F)C(F)(F)C(F)(F)F,CLKKXXTUBIGOTC-UHFFFAOYSA-M,-14.86503715,-9.086382477
69,69,4:2 FTS_intermediate3,[C-](=O)C(C(C(C(F)(F)F)(F)F)(F)F)(F)F,37,medium,O=[C-]C(F)(F)C(F)(F)C(F)(F)C(F)(F)F,ZJBOEMSPZGSZSZ-UHFFFAOYSA-N,-27.74119737,-17.87162618
70,70,4:2 FTCA,C(C(=O)[O-])C(C(C(C(F)(F)F)(F)F)(F)F)(F)F,41,medium,O=C([O-])CC(F)(F)C(F)(F)C(F)(F)C(F)(F)F,PMNVMTIBUIRJHZ-UHFFFAOYSA-M,4.889964308915671,-12.15553654
71,71,4:2 FTS_257a,C(=C(\C(C(C(F)(F)F)(F)F)(F)F)/F)/C(=O)[O-],42,medium,O=C([O-])C=C(F)C(F)(F)C(F)(F)C(F)(F)F,CMFAKTRZLATJOA-UHFFFAOYSA-M,-23.95602734,-10.14472692
72,72,PFPeA,C(=O)(C(C(C(C(F)(F)F)(F)F)(F)F)(F)F)[O-],40,medium,O=C([O-])C(F)(F)C(F)(F)C(F)(F)C(F)(F)F,CXZGQIAOTKWCDB-UHFFFAOYSA-M,-7.543230976,6.614801766382765
73,73,4:2 FTS_intermediate2,[CH-](C=O)C(C(C(C(F)(F)F)(F)F)(F)F)(F)F,39,medium,O=C[CH-]C(F)(F)C(F)(F)C(F)(F)C(F)(F)F,YUNXXDPQBWGUEV-UHFFFAOYSA-N,21.373776591916428,-14.138542
74,74,4:2 FTS_intermediate1,C(C[O-])C(C(C(C(F)(F)F)(F)F)(F)F)(F)F,37,medium,[O-]CCC(F)(F)C(F)(F)C(F)(F)C(F)(F)F,AIVGSDQUEGYUQL-UHFFFAOYSA-N,8.339250087558543,8.651955338480061
75,75,4:2 FTS_intermediate14,C(C(C(C(F)(F)F)(F)F)O)C(=O)[O-],31,medium,O=C([O-])CC(O)C(F)(F)C(F)(F)F,ZYPIPHPPKPCWMR-UHFFFAOYSA-M,-32.69336502,-5.958170125
76,76,4:2 FTS_325,C(=C\S(=O)(=O)[O-])/C(C(C(C(F)(F)F)(F)F)(F)F)(F)F,49,medium,O=S(=O)([O-])C=CC(F)(F)C(F)(F)C(F)(F)C(F)(F)F,RSEVEDLCRGNOHU-UHFFFAOYSA-M,-17.54439323,0.21585264659300887
77,77,4:2 FTS_341,C(C(=O)C(C(C(C(F)(F)F)(F)F)(F)F)(F)F)S(=O)(=O)[O-],50,medium,O=C(CS(=O)(=O)[O-])C(F)(F)C(F)(F)C(F)(F)C(F)(F)F,NGVZESOAYLJRCN-UHFFFAOYSA-M,-15.28137352,-2.417887736
78,78,4:2 FtSO2AoS,CC(C)(CS(=O)(=O)O)NC(=O)CCS(=O)(=O)CCC(C(C(C(F)(F)F)(F)F)(F)F)(F)F,66,big,CC(C)(CS(=O)(=O)O)NC(=O)CCS(=O)(=O)CCC(F)(F)C(F)(F)C(F)(F)C(F)(F)F,MDGZRVCSTWUTMU-UHFFFAOYSA-N,-9.646999448,4.1076857245207625
79,79,4:2 FtTAoS,CC(C)(CS(=O)(=O)O)NC(=O)CCSCCC(C(C(C(F)(F)F)(F)F)(F)F)(F)F,58,medium,CC(C)(CS(=O)(=O)O)NC(=O)CCSCCC(F)(F)C(F)(F)C(F)(F)C(F)(F)F,VIHJAWYQCFERKN-UHFFFAOYSA-N,-27.15358889,-18.96942317
80,80,4:2 FtSOAoS,CC(C)(CS(=O)(=O)O)NC(=O)CCS(=O)CCC(C(C(C(F)(F)F)(F)F)(F)F)(F)F,62,big,CC(C)(CS(=O)(=O)O)NC(=O)CCS(=O)CCC(F)(F)C(F)(F)C(F)(F)C(F)(F)F,WVSBUXQVQMSEID-UHFFFAOYSA-N,-13.30754535,3.8820369375515678
81,81,3:3 FTCA,C(CC(C(C(F)(F)F)(F)F)(F)F)C(=O)O,32,medium,O=C(O)CCC(F)(F)C(F)(F)C(F)(F)F,ISFKSWMQWIRDNC-UHFFFAOYSA-N,8.229279715129968,-6.916476159
82,82,PFBA,C(=O)(C(C(C(F)(F)F)(F)F)(F)F)O,30,medium,O=C(O)C(F)(F)C(F)(F)C(F)(F)F,YPJUNDFVDDCYIH-UHFFFAOYSA-N,-3.490428257,-14.80231184
83,83,4:2 UFTCA,C(=C(\C(C(C(F)(F)F)(F)F)(F)F)/F)/C(=O)O,39,medium,O=C(O)C=C(F)C(F)(F)C(F)(F)C(F)(F)F,CMFAKTRZLATJOA-UHFFFAOYSA-N,-1.701932284,-5.819616984
84,84,4:2 FtS,C(CS(=O)(=O)O)C(C(C(C(F)(F)F)(F)F)(F)F)(F)F,43,medium,O=S(=O)(O)CCC(F)(F)C(F)(F)C(F)(F)C(F)(F)F,TXGIGTRUEITPSC-UHFFFAOYSA-N,17.766043046422638,3.4169443744028443
85,85,4:2 FTOH,C(CO)C(C(C(C(F)(F)F)(F)F)(F)F)(F)F,34,medium,OCCC(F)(F)C(F)(F)C(F)(F)C(F)(F)F,JCMNMOBHVPONLD-UHFFFAOYSA-N,32.43909288,1.593202766684629
86,86,4:2 monoPAP,C(COP(=O)(O)O)C(C(C(C(F)(F)F)(F)F)(F)F)(F)F,43,medium,O=P(O)(O)OCCC(F)(F)C(F)(F)C(F)(F)C(F)(F)F,BBLFCNLVILKUEU-UHFFFAOYSA-N,6.861827220071785,-22.99789345
87,87,C5a-CoA intermediate2,CC(C)(COP(=O)(O)OP(=O)(O)OC[C]1[C]([C]([C](N2C=NC3=C2N=CN=C3N)O1)O)OP(=O)(O)O)C(C(=O)NCCC(=O)NCCSC(=O)/C=C/CC(F)(F)F)O,118,very big,CC(C)(COP(=O)(O)OP(=O)(O)OC[C]1O[C](n2cnc3c(N)ncnc32)[C](O)[C]1OP(=O)(O)O)C(O)C(=O)NCCC(=O)NCCSC(=O)C=CCC(F)(F)F,ODDYDECJLMUNBE-UHFFFAOYSA-N,30.37288637129173,-0.677944676
88,88,C5a-CoA intermediate1,CC(C)(COP(=O)(O)OP(=O)(O)OC[C@@H]1[C@H]([C@H]([C@H](N2C=NC3=C2N=CN=C3N)O1)O)OP(=O)(O)O)C(C(=O)NCCC(=O)NCCSC(=O)CCCC(F)(F)F)O,124,very big,CC(C)(COP(=O)(O)OP(=O)(O)OCC1OC(n2cnc3c(N)ncnc32)C(O)C1OP(=O)(O)O)C(O)C(=O)NCCC(=O)NCCSC(=O)CCCC(F)(F)F,WOAWOTWOMUZGOC-UHFFFAOYSA-N,-11.08999634,7.4051874531615605
89,89,C5a-CoA intermediate4,CC(C)(COP(=O)(O)OP(=O)(O)OC[C]1[C]([C]([C](N2C=NC3=C2N=CN=C3N)O1)O)OP(=O)(O)O)C(C(=O)NCCC(=O)NCCSC(=O)CC(=O)CC(F)(F)F)O,119,very big,CC(C)(COP(=O)(O)OP(=O)(O)OC[C]1O[C](n2cnc3c(N)ncnc32)[C](O)[C]1OP(=O)(O)O)C(O)C(=O)NCCC(=O)NCCSC(=O)CC(=O)CC(F)(F)F,RFNCTUZUTDWBJR-UHFFFAOYSA-N,19.91491505647556,-12.43621087
90,90,structure 0000333,C(CC(=O)O)CC(F)(F)F,19,small,O=C(O)CCCC(F)(F)F,RUEXKRNFAABHHU-UHFFFAOYSA-N,7.854014822348759,-5.885009503
91,91,C5a-CoA intermediate3,CC(C)(COP(=O)(O)OP(=O)(O)OC[C@@H]1[C@H]([C@H]([C@H](N2C=NC3=C2N=CN=C3N)O1)O)OP(=O)(O)O)C(C(=O)NCCC(=O)NCCSC(=O)CC(CC(F)(F)F)O)O,127,very big,CC(C)(COP(=O)(O)OP(=O)(O)OCC1OC(n2cnc3c(N)ncnc32)C(O)C1OP(=O)(O)O)C(O)C(=O)NCCC(=O)NCCSC(=O)CC(O)CC(F)(F)F,KEZHGJUPSOUTOA-UHFFFAOYSA-N,-11.02156356,7.3883739732612685
92,92,PFHxA,C(=O)(C(C(C(C(C(F)(F)F)(F)F)(F)F)(F)F)(F)F)[O-],47,medium,O=C([O-])C(F)(F)C(F)(F)C(F)(F)C(F)(F)C(F)(F)F,PXUULQAPEKKVAH-UHFFFAOYSA-M,-6.467503489,6.743158830137937
93,93,4:3 FTCA,C(CC(C(C(C(F)(F)F)(F)F)(F)F)(F)F)C(=O)[O-],42,medium,O=C([O-])CCC(F)(F)C(F)(F)C(F)(F)C(F)(F)F,QWHCZVLZUPZGSI-UHFFFAOYSA-M,32.02302738260551,1.8146629220462651
94,94,5:1:2 FTUCA_357,C(C(C(=O)[O-])O)C(C(C(C(C(F)(F)F)(F)F)(F)F)(F)F)(F)F,52,medium,O=C([O-])C(O)CC(F)(F)C(F)(F)C(F)(F)C(F)(F)C(F)(F)F,RAPSXLVXMPNRGD-UHFFFAOYSA-M,27.277979621360746,17.688522182281858
95,95,5:1:2 FTUCA_intermediate4,C(C(C(=O)[O-])O)C(C(C(C(F)(F)F)(F)F)(F)F)(F)F,45,medium,O=C([O-])C(O)CC(F)(F)C(F)(F)C(F)(F)C(F)(F)F,SZBSIZRQZVQGIQ-UHFFFAOYSA-M,33.47062415752592,1.6624438239374413
96,96,5:1:2 FTUCA_intermediate1,[CH-](C=O)C(C(C(C(C(F)(F)F)(F)F)(F)F)(F)F)(F)F,46,medium,O=C[CH-]C(F)(F)C(F)(F)C(F)(F)C(F)(F)C(F)(F)F,OKYSXUIRJIUDMJ-UHFFFAOYSA-N,21.523598122054132,-14.09729048
97,97,5:1:2 FTUCA,C(=C(\C(C(C(C(C(F)(F)F)(F)F)(F)F)(F)F)(F)F)/F)/C(=O)[O-],56,medium,O=C([O-])C=C(F)C(F)(F)C(F)(F)C(F)(F)C(F)(F)C(F)(F)F,BKOBFLVYTXYFQZ-UHFFFAOYSA-M,-10.84976363,-9.904358062
98,97,5:1:2 FTUCA,C(=C(\C(C(C(C(C(F)(F)F)(F)F)(F)F)(F)F)(F)F)/F)/C(=O)[O-],56,medium,O=C([O-])C=C(F)C(F)(F)C(F)(F)C(F)(F)C(F)(F)C(F)(F)F,BKOBFLVYTXYFQZ-UHFFFAOYSA-M,-8.424147999,-21.78951718
99,98,5:1:2 FTUCA_307,C(=C(\C(C(C(C(F)(F)F)(F)F)(F)F)(F)F)/F)/C(=O)[O-],49,medium,O=C([O-])C=C(F)C(F)(F)C(F)(F)C(F)(F)C(F)(F)F,VLQRWBZMXZAWNQ-UHFFFAOYSA-M,-7.364742096,-6.820961705
100,99,5:1:2 FTUCA_intermediate6,C(C(=O)[O-])(C(C(C(C(F)(F)F)(F)F)(F)F)(F)F)O,44,medium,O=C([O-])C(O)C(F)(F)C(F)(F)C(F)(F)C(F)(F)F,SWPJKZQOLDEXNB-UHFFFAOYSA-M,5.812611747885524,2.837758838
101,100,5:1:2 FTUCA_intermediate9,C(C(=O)C(C(C(C(F)(F)F)(F)F)(F)F)(F)F)C(=O)[O-],46,medium,O=C([O-])CC(=O)C(F)(F)C(F)(F)C(F)(F)C(F)(F)F,XFXYRIRLWPLYFD-UHFFFAOYSA-M,-22.69101763,-0.965846429
102,101,5:1:2 FTUCA_343,C(C(=O)[O-])(C(C(C(C(C(F)(F)F)(F)F)(F)F)(F)F)(F)F)O,51,medium,O=C([O-])C(O)C(F)(F)C(F)(F)C(F)(F)C(F)(F)C(F)(F)F,RNYBWCYKYRDUSH-UHFFFAOYSA-M,27.129127614154992,17.4406323
103,102,5:3 FTCA,C(CC(C(C(C(C(F)(F)F)(F)F)(F)F)(F)F)(F)F)C(=O)[O-],49,medium,O=C([O-])CCC(F)(F)C(F)(F)C(F)(F)C(F)(F)C(F)(F)F,ABFCFCPCGMHSRX-UHFFFAOYSA-M,31.989567666494455,1.7903909844196328
104,103,5:1:2 FTUCA_339,C(=C\C(C(C(C(C(F)(F)F)(F)F)(F)F)(F)F)(F)F)/C(=O)[O-],52,medium,O=C([O-])C=CC(F)(F)C(F)(F)C(F)(F)C(F)(F)C(F)(F)F,UGMLUHQLUFIGNF-UHFFFAOYSA-M,26.150823259136455,1.7917972506530107
105,104,5:1:2 FTUCA_intermediate2,[C-](=O)C(C(C(C(C(F)(F)F)(F)F)(F)F)(F)F)(F)F,44,medium,O=[C-]C(F)(F)C(F)(F)C(F)(F)C(F)(F)C(F)(F)F,RMLHIHZKKMIIQD-UHFFFAOYSA-N,-0.504278748,-6.934303931
106,105,5:1:2 FTUCA_289,C(=C\C(C(C(C(F)(F)F)(F)F)(F)F)(F)F)/C(=O)[O-],45,medium,O=C([O-])C=CC(F)(F)C(F)(F)C(F)(F)C(F)(F)F,OYQPFWFQTWYFRR-UHFFFAOYSA-M,-4.587043557,20.03560505560501
107,106,5:2 FTCA,C(C(=O)[O-])C(C(C(C(C(F)(F)F)(F)F)(F)F)(F)F)(F)F,48,medium,O=C([O-])CC(F)(F)C(F)(F)C(F)(F)C(F)(F)C(F)(F)F,KDHKNZMUAYFSHV-UHFFFAOYSA-M,-3.784415706,-19.35190375
108,107,5:1:2 FTUCA_intermediate3,C(C(=O)C(C(C(C(C(F)(F)F)(F)F)(F)F)(F)F)(F)F)C(=O)[O-],53,medium,O=C([O-])CC(=O)C(F)(F)C(F)(F)C(F)(F)C(F)(F)C(F)(F)F,CCGLSBOPNHAYSS-UHFFFAOYSA-M,-22.69343574,-0.968794418
109,108,5:1:2 FTUCA_intermediate10,C(C(C(C(C(F)(F)F)(F)F)(F)F)O)C(=O)[O-],38,medium,O=C([O-])CC(O)C(F)(F)C(F)(F)C(F)(F)F,MQQQKVVUUWEUMD-UHFFFAOYSA-M,-32.68487207,-5.95940637
110,109,5:1:2 FTUCA_intermediate8,C(C(C(C(C(C(F)(F)F)(F)F)(F)F)(F)F)O)C(=O)[O-],45,medium,O=C([O-])CC(O)C(F)(F)C(F)(F)C(F)(F)C(F)(F)F,IRRQWPIJDVAXEQ-UHFFFAOYSA-M,7.762086650443652,6.948028342265572
111,110,4:2 FTCA,C(C(=O)O)C(C(C(C(F)(F)F)(F)F)(F)F)(F)F,38,medium,O=C(O)CC(F)(F)C(F)(F)C(F)(F)C(F)(F)F,PMNVMTIBUIRJHZ-UHFFFAOYSA-N,-2.376003165,-19.04329666
112,111,alpha-OH 5:3 FTCA,C(C(C(=O)O)O)C(C(C(C(C(F)(F)F)(F)F)(F)F)(F)F)(F)F,49,medium,O=C(O)C(O)CC(F)(F)C(F)(F)C(F)(F)C(F)(F)C(F)(F)F,RAPSXLVXMPNRGD-UHFFFAOYSA-N,32.78819583424947,1.491840898652853
113,112,5:2 Aldehyde,C(C=O)C(C(C(C(C(F)(F)F)(F)F)(F)F)(F)F)(F)F,42,medium,O=CCC(F)(F)C(F)(F)C(F)(F)C(F)(F)C(F)(F)F,HVJCLAKQHMMQJA-UHFFFAOYSA-N,3.180040022647279,-15.37519088
114,113,alpha-OH 4:3 FTCA,C(C(C(=O)O)O)C(C(C(C(F)(F)F)(F)F)(F)F)(F)F,42,medium,O=C(O)C(O)CC(F)(F)C(F)(F)C(F)(F)C(F)(F)F,SZBSIZRQZVQGIQ-UHFFFAOYSA-N,32.82780907124568,1.420466549516854
115,114,5:3 UFTCA,C(=C\C(C(C(C(C(F)(F)F)(F)F)(F)F)(F)F)(F)F)/C(=O)O,49,medium,O=C(O)C=CC(F)(F)C(F)(F)C(F)(F)C(F)(F)C(F)(F)F,UGMLUHQLUFIGNF-UHFFFAOYSA-N,-16.99512019,12.406673043612894
116,115,PFPeA,C(=O)(C(C(C(C(F)(F)F)(F)F)(F)F)(F)F)O,37,medium,O=C(O)C(F)(F)C(F)(F)C(F)(F)C(F)(F)F,CXZGQIAOTKWCDB-UHFFFAOYSA-N,28.620857337748646,17.194536713976113
117,116,5:2 FTCA,C(C(=O)O)C(C(C(C(C(F)(F)F)(F)F)(F)F)(F)F)(F)F,45,medium,O=C(O)CC(F)(F)C(F)(F)C(F)(F)C(F)(F)C(F)(F)F,KDHKNZMUAYFSHV-UHFFFAOYSA-N,28.026032603596146,17.117461909835825
118,117,5:3 FTCA,C(CC(C(C(C(C(F)(F)F)(F)F)(F)F)(F)F)(F)F)C(=O)O,46,medium,O=C(O)CCC(F)(F)C(F)(F)C(F)(F)C(F)(F)C(F)(F)F,ABFCFCPCGMHSRX-UHFFFAOYSA-N,19.380045637263215,0.3743036193139572
119,118,5:2 UFTCA,C(=C(\C(C(C(C(F)(F)F)(F)F)(F)F)(F)F)/F)/C(=O)O,46,medium,O=C(O)C=C(F)C(F)(F)C(F)(F)C(F)(F)C(F)(F)F,VLQRWBZMXZAWNQ-UHFFFAOYSA-N,-15.55911585,6.543617999515984
120,119,4:3 FTCA,C(CC(C(C(C(F)(F)F)(F)F)(F)F)(F)F)C(=O)O,39,medium,O=C(O)CCC(F)(F)C(F)(F)C(F)(F)C(F)(F)F,QWHCZVLZUPZGSI-UHFFFAOYSA-N,-3.74252095,15.908896933706844
121,120,4:2 sFTOH,CC(C(C(C(C(F)(F)F)(F)F)(F)F)(F)F)O,34,medium,CC(O)C(F)(F)C(F)(F)C(F)(F)C(F)(F)F,OLZBAXOPOHGUSK-UHFFFAOYSA-N,2.4194958725438753,-8.05834335
122,121,4:2 Ketone,CC(=O)C(C(C(C(F)(F)F)(F)F)(F)F)(F)F,35,medium,CC(=O)C(F)(F)C(F)(F)C(F)(F)C(F)(F)F,LPPFRPMJUNOKRS-UHFFFAOYSA-N,7.876075866373712,1.9171353688042945
123,122,3:3 UFTCA,C(=C\C(C(C(F)(F)F)(F)F)(F)F)/C(=O)O,35,medium,O=C(O)C=CC(F)(F)C(F)(F)C(F)(F)F,KRBNWYYINLFKND-UHFFFAOYSA-N,-2.970419987,-14.85377192
124,123,4:2 Aldehyde,C(C=O)C(C(C(C(F)(F)F)(F)F)(F)F)(F)F,35,medium,O=CCC(F)(F)C(F)(F)C(F)(F)C(F)(F)F,PLXBWBKXCKSJRL-UHFFFAOYSA-N,4.289524705541945,-13.68902843
125,124,4:3 UFTCA,C(=C\C(C(C(C(F)(F)F)(F)F)(F)F)(F)F)/C(=O)O,42,medium,O=C(O)C=CC(F)(F)C(F)(F)C(F)(F)C(F)(F)F,OYQPFWFQTWYFRR-UHFFFAOYSA-N,-28.70570949,-18.44460766
126,125,6:2 FtSO2AoS,CC(C)(CS(=O)(=O)O)NC(=O)CCS(=O)(=O)CCC(C(C(C(C(C(F)(F)F)(F)F)(F)F)(F)F)(F)F)(F)F,80,big,CC(C)(CS(=O)(=O)O)NC(=O)CCS(=O)(=O)CCC(F)(F)C(F)(F)C(F)(F)C(F)(F)C(F)(F)C(F)(F)F,RZBHYDQKJKDSNP-UHFFFAOYSA-N,-32.45481781,-1.303970779
127,126,Ketone-6:2 FTSA,C(C(=O)C(C(C(C(C(C(F)(F)F)(F)F)(F)F)(F)F)(F)F)(F)F)S(=O)(=O)O,61,big,O=C(CS(=O)(=O)O)C(F)(F)C(F)(F)C(F)(F)C(F)(F)C(F)(F)C(F)(F)F,RYYZCEGLQCTTCQ-UHFFFAOYSA-N,33.17921877520772,1.9632050356210315
128,127,OH-6:2 FTSA,C(C(C(C(C(C(C(C(F)(F)F)(F)F)(F)F)(F)F)(F)F)(F)F)O)S(=O)(=O)O,60,big,O=S(=O)(O)CC(O)C(F)(F)C(F)(F)C(F)(F)C(F)(F)C(F)(F)C(F)(F)F,HIURNVGOZFXYRH-UHFFFAOYSA-N,31.765151024057836,2.5054836041272104
129,128,PFHxA,C(=O)(C(C(C(C(C(F)(F)F)(F)F)(F)F)(F)F)(F)F)O,44,medium,O=C(O)C(F)(F)C(F)(F)C(F)(F)C(F)(F)C(F)(F)F,PXUULQAPEKKVAH-UHFFFAOYSA-N,-7.650383148,-6.521217656
130,129,6:2 FTS,C(CS(=O)(=O)O)C(C(C(C(C(C(F)(F)F)(F)F)(F)F)(F)F)(F)F)(F)F,57,medium,O=S(=O)(O)CCC(F)(F)C(F)(F)C(F)(F)C(F)(F)C(F)(F)C(F)(F)F,VIONGDJUYAYOPU-UHFFFAOYSA-N,0.9450107192629924,6.691911862893438
131,130,PFHpA,C(=O)(C(C(C(C(C(C(F)(F)F)(F)F)(F)F)(F)F)(F)F)(F)F)O,51,medium,O=C(O)C(F)(F)C(F)(F)C(F)(F)C(F)(F)C(F)(F)C(F)(F)F,ZWBAMYVPMDSJGQ-UHFFFAOYSA-N,32.90228348,1.1546992454535117
132,131,6:2 FTAL,C(C=O)C(C(C(C(C(C(F)(F)F)(F)F)(F)F)(F)F)(F)F)(F)F,49,medium,O=CCC(F)(F)C(F)(F)C(F)(F)C(F)(F)C(F)(F)C(F)(F)F,WJSFZGPTEQNWCB-UHFFFAOYSA-N,9.882777185120288,-12.70331442
133,132,6:2 FTSeAm,CNCCCNS(=O)(=O)CCC(C(C(C(C(C(F)(F)F)(F)F)(F)F)(F)F)(F)F)(F)F,60,big,CNCCCNS(=O)(=O)CCC(F)(F)C(F)(F)C(F)(F)C(F)(F)C(F)(F)C(F)(F)F,ATVLXKVTLCASLQ-UHFFFAOYSA-N,-9.224687874,-7.465499051
134,133,6:2 FTUCA,C(=C(\C(C(C(C(C(F)(F)F)(F)F)(F)F)(F)F)(F)F)/F)/C(=O)O,53,medium,O=C(O)C=C(F)C(F)(F)C(F)(F)C(F)(F)C(F)(F)C(F)(F)F,BKOBFLVYTXYFQZ-UHFFFAOYSA-N,-24.25786864,-10.0897005
135,133,6:2 FTUCA,C(=C(\C(C(C(C(C(F)(F)F)(F)F)(F)F)(F)F)(F)F)/F)/C(=O)O,53,medium,O=C(O)C=C(F)C(F)(F)C(F)(F)C(F)(F)C(F)(F)C(F)(F)F,BKOBFLVYTXYFQZ-UHFFFAOYSA-N,31.910337335954097,2.791467135883049
136,134,6:2 FTUAL,C(=C(\C(C(C(C(C(F)(F)F)(F)F)(F)F)(F)F)(F)F)/F)/C=O,50,medium,O=CC=C(F)C(F)(F)C(F)(F)C(F)(F)C(F)(F)C(F)(F)F,IRFCYNBOXLFPAS-UHFFFAOYSA-N,29.28332383127671,16.99844344980272
137,135,5:2 sFTOH,CC(C(C(C(C(C(F)(F)F)(F)F)(F)F)(F)F)(F)F)O,41,medium,CC(O)C(F)(F)C(F)(F)C(F)(F)C(F)(F)C(F)(F)F,QOYNEVFKTZVANM-UHFFFAOYSA-N,-4.323077935,15.313356251589779
138,136,6:2 FTAB,C[N+](C)(CCCNS(=O)(=O)CCC(C(C(C(C(C(F)(F)F)(F)F)(F)F)(F)F)(F)F)(F)F)CC(=O)[O-],78,big,C[N+](C)(CCCNS(=O)(=O)CCC(F)(F)C(F)(F)C(F)(F)C(F)(F)C(F)(F)C(F)(F)F)CC(=O)[O-],OKOCIUJVPQKDLL-UHFFFAOYSA-N,30.430228709578465,0.4790841393766702
139,137,6:2 FTSAm-PrA,C(CNS(=O)(=O)CCC(C(C(C(C(C(F)(F)F)(F)F)(F)F)(F)F)(F)F)(F)F)C(=O)O,65,big,O=C(O)CCNS(=O)(=O)CCC(F)(F)C(F)(F)C(F)(F)C(F)(F)C(F)(F)C(F)(F)F,PFQMXWGWLBXTCF-UHFFFAOYSA-N,14.48234707911306,-8.498513281
140,138,6:2 FTCA,C(C(=O)O)C(C(C(C(C(C(F)(F)F)(F)F)(F)F)(F)F)(F)F)(F)F,52,medium,O=C(O)CC(F)(F)C(F)(F)C(F)(F)C(F)(F)C(F)(F)C(F)(F)F,LRWIIEJPCFNNCZ-UHFFFAOYSA-N,25.003766818850615,5.377524857624212
141,139,6:2 FTS,C(CS(=O)(=O)[O-])C(C(C(C(C(C(F)(F)F)(F)F)(F)F)(F)F)(F)F)(F)F,60,big,O=S(=O)([O-])CCC(F)(F)C(F)(F)C(F)(F)C(F)(F)C(F)(F)C(F)(F)F,VIONGDJUYAYOPU-UHFFFAOYSA-M,-12.0465875,10.483607685598836
142,140,6:2 FTSAm,C(CS(=O)(=O)N)C(C(C(C(C(C(F)(F)F)(F)F)(F)F)(F)F)(F)F)(F)F,57,medium,NS(=O)(=O)CCC(F)(F)C(F)(F)C(F)(F)C(F)(F)C(F)(F)C(F)(F)F,SQAFCSVGKMMETM-UHFFFAOYSA-N,-1.131496979,-19.09622698
143,141,6:2 FTOH,C(CO)C(C(C(C(C(C(F)(F)F)(F)F)(F)F)(F)F)(F)F)(F)F,48,medium,OCCC(F)(F)C(F)(F)C(F)(F)C(F)(F)C(F)(F)C(F)(F)F,GRJRKPMIRMSBNK-UHFFFAOYSA-N,-2.941874628,-14.55370639
144,142,6:2 FTPrAm,C(CN)CNS(=O)(=O)CCC(C(C(C(C(C(F)(F)F)(F)F)(F)F)(F)F)(F)F)(F)F,61,big,NCCCNS(=O)(=O)CCC(F)(F)C(F)(F)C(F)(F)C(F)(F)C(F)(F)C(F)(F)F,DLNFICFQUIYVBX-UHFFFAOYSA-N,-12.96525892,10.069565078608305
145,143,6:2 FTAA,CN(C)CCCNS(=O)(=O)CCC(C(C(C(C(C(F)(F)F)(F)F)(F)F)(F)F)(F)F)(F)F,63,big,CN(C)CCCNS(=O)(=O)CCC(F)(F)C(F)(F)C(F)(F)C(F)(F)C(F)(F)C(F)(F)F,TZIPMEZQXPAKPK-UHFFFAOYSA-N,-9.082179956,-7.035087422
146,144,5:2 Ketone,CC(=O)C(C(C(C(C(F)(F)F)(F)F)(F)F)(F)F)(F)F,42,medium,CC(=O)C(F)(F)C(F)(F)C(F)(F)C(F)(F)C(F)(F)F,HWGNOHFZECDUBX-UHFFFAOYSA-N,17.71832929717423,-2.881940388
147,145,"3,3,4,4,5,5,6,6,7,7,8,8,8-tridecafluoro-N-[3-[hydroxymethyl(methyl)amino]propyl]octane-1-sulfonamide",CN(CCCNS(=O)(=O)CCC(C(C(C(C(C(F)(F)F)(F)F)(F)F)(F)F)(F)F)(F)F)CO,64,big,CN(CO)CCCNS(=O)(=O)CCC(F)(F)C(F)(F)C(F)(F)C(F)(F)C(F)(F)C(F)(F)F,KGQBAPGQJSLZSK-UHFFFAOYSA-N,-11.35155042,7.5521438186448355
148,146,6:2 FTSAm-PrOH,C(CNS(=O)(=O)CCC(C(C(C(C(C(F)(F)F)(F)F)(F)F)(F)F)(F)F)(F)F)CO,61,big,O=S(=O)(CCC(F)(F)C(F)(F)C(F)(F)C(F)(F)C(F)(F)C(F)(F)F)NCCCO,WCTIWFIWSNWSMQ-UHFFFAOYSA-N,14.159875421924434,-9.735570405
149,147,6:2 FTSAm-PrAL,C(CNS(=O)(=O)CCC(C(C(C(C(C(F)(F)F)(F)F)(F)F)(F)F)(F)F)(F)F)C=O,62,big,O=CCCNS(=O)(=O)CCC(F)(F)C(F)(F)C(F)(F)C(F)(F)C(F)(F)C(F)(F)F,JOZNZKNHTRLKIW-UHFFFAOYSA-N,14.417409981778597,-10.22594192
150,148,6:2 FTOH sulfate,C(COS(=O)(=O)[O-])C(C(C(C(C(C(F)(F)F)(F)F)(F)F)(F)F)(F)F)(F)F,61,big,O=S(=O)([O-])OCCC(F)(F)C(F)(F)C(F)(F)C(F)(F)C(F)(F)C(F)(F)F,BGJBRLCWYHDOSY-UHFFFAOYSA-M,6.198468617335189,-19.62895062
151,149,6:2 FTI,C(CI)C(C(C(C(C(C(F)(F)F)(F)F)(F)F)(F)F)(F)F)(F)F,48,medium,FC(F)(F)C(F)(F)C(F)(F)C(F)(F)C(F)(F)C(F)(F)CCI,NVVZEKTVIXIUKW-UHFFFAOYSA-N,-8.508779356,8.357410992722187
152,150,6:2 FTUI,C(=C\I)/C(C(C(C(C(C(F)(F)F)(F)F)(F)F)(F)F)(F)F)(F)F,51,medium,FC(F)(F)C(F)(F)C(F)(F)C(F)(F)C(F)(F)C(F)(F)C=CI,WDWNMIBWWPZNJK-UHFFFAOYSA-N,-0.580778472,-21.65488955
153,151,N-Me-6:2 FTSAm-PrA,CN(CCC(=O)O)S(=O)(=O)CCC(C(C(C(C(C(F)(F)F)(F)F)(F)F)(F)F)(F)F)(F)F,66,big,CN(CCC(=O)O)S(=O)(=O)CCC(F)(F)C(F)(F)C(F)(F)C(F)(F)C(F)(F)C(F)(F)F,KYFUWFCEYKEQNS-UHFFFAOYSA-N,12.544646814115188,-10.02897013
154,152,6:2 FTSAm-EtOH,C(CS(=O)(=O)NCCO)C(C(C(C(C(C(F)(F)F)(F)F)(F)F)(F)F)(F)F)(F)F,60,big,O=S(=O)(CCC(F)(F)C(F)(F)C(F)(F)C(F)(F)C(F)(F)C(F)(F)F)NCCO,BLIWNMRWJWOCKX-UHFFFAOYSA-N,-30.25243865,-6.759992596
155,153,N-Et-6:2 FTSAm,CCNS(=O)(=O)CCC(C(C(C(C(C(F)(F)F)(F)F)(F)F)(F)F)(F)F)(F)F,57,medium,CCNS(=O)(=O)CCC(F)(F)C(F)(F)C(F)(F)C(F)(F)C(F)(F)C(F)(F)F,YNFDMFIVKADZBI-UHFFFAOYSA-N,6.335424984836858,9.197013228359356
156,154,6:2 FTSAm-ForAL,C(CS(=O)(=O)NC=O)C(C(C(C(C(C(F)(F)F)(F)F)(F)F)(F)F)(F)F)(F)F,60,big,O=CNS(=O)(=O)CCC(F)(F)C(F)(F)C(F)(F)C(F)(F)C(F)(F)C(F)(F)F,DCBYAGLGFZQCES-UHFFFAOYSA-N,31.35604466690502,2.017240534909885
157,155,6:2 FTUAA,C/[N+](=C\CCNS(=O)(=O)CCC(C(C(C(C(C(F)(F)F)(F)F)(F)F)(F)F)(F)F)(F)F)/C,70,big,C[N+](C)=CCCNS(=O)(=O)CCC(F)(F)C(F)(F)C(F)(F)C(F)(F)C(F)(F)C(F)(F)F,JGPZALKFXRCUOS-UHFFFAOYSA-N,32.75903915324093,4.145995667355878
158,156,6:2 FTSAm-AcA,C(CS(=O)(=O)NCC(=O)O)C(C(C(C(C(C(F)(F)F)(F)F)(F)F)(F)F)(F)F)(F)F,64,big,O=C(O)CNS(=O)(=O)CCC(F)(F)C(F)(F)C(F)(F)C(F)(F)C(F)(F)C(F)(F)F,QINMVTQAAHMAJO-UHFFFAOYSA-N,29.065612188971112,17.271876157494773
159,157,6:2 FTSAm-Conjunct-1,CCC(C)C(C(=O)NS(=O)(=O)CCC(C(C(C(C(C(F)(F)F)(F)F)(F)F)(F)F)(F)F)(F)F)N,70,big,CCC(C)C(N)C(=O)NS(=O)(=O)CCC(F)(F)C(F)(F)C(F)(F)C(F)(F)C(F)(F)C(F)(F)F,ZMCVKRCIDDWZGY-UHFFFAOYSA-N,32.56215719954881,1.1995874813008855
160,158,6:2 FTSAm-Conjunct-2,CCCC(C(=O)NS(=O)(=O)CCC(C(C(C(C(C(F)(F)F)(F)F)(F)F)(F)F)(F)F)(F)F)N,67,big,CCCC(N)C(=O)NS(=O)(=O)CCC(F)(F)C(F)(F)C(F)(F)C(F)(F)C(F)(F)C(F)(F)F,JHNORKWWCGWRGL-UHFFFAOYSA-N,-1.603934731,-1.717583849
161,159,6:2 FTNO,C[N+](C)(CCCNS(=O)(=O)CCC(C(C(C(C(C(F)(F)F)(F)F)(F)F)(F)F)(F)F)(F)F)[O-],72,big,C[N+](C)([O-])CCCNS(=O)(=O)CCC(F)(F)C(F)(F)C(F)(F)C(F)(F)C(F)(F)C(F)(F)F,KBDMGVIUNQWTND-UHFFFAOYSA-N,25.720406581514638,-13.21645766
162,160,6:2 FTSAm-AcAL,C(CS(=O)(=O)NCC=O)C(C(C(C(C(C(F)(F)F)(F)F)(F)F)(F)F)(F)F)(F)F,61,big,O=CCNS(=O)(=O)CCC(F)(F)C(F)(F)C(F)(F)C(F)(F)C(F)(F)C(F)(F)F,FYLWWOGTNUIFQX-UHFFFAOYSA-N,-4.44261581,24.53297019564568
163,161,5:3 FTU amide,C(=C\C(C(C(C(C(F)(F)F)(F)F)(F)F)(F)F)(F)F)/C(=O)N,49,medium,NC(=O)C=CC(F)(F)C(F)(F)C(F)(F)C(F)(F)C(F)(F)F,BPLMTYVELYZDNI-UHFFFAOYSA-N,11.693811376062325,4.022254497063292
164,162,5:3 ketone aldehyde,C(C=O)C(=O)C(C(C(C(C(F)(F)F)(F)F)(F)F)(F)F)(F)F,47,medium,O=CCC(=O)C(F)(F)C(F)(F)C(F)(F)C(F)(F)C(F)(F)F,GNNRSTICVGKBFL-UHFFFAOYSA-N,-23.90793126,-10.19040897
165,163,3-OH-5:3 acid,C(C(C(C(C(C(C(F)(F)F)(F)F)(F)F)(F)F)(F)F)O)C(=O)O,49,medium,O=C(O)CC(O)C(F)(F)C(F)(F)C(F)(F)C(F)(F)C(F)(F)F,USTCZZNESVCBNI-UHFFFAOYSA-N,7.616347537621919,6.717898030344702
166,164,3-fluoro 5:3 acid,C(C(C(C(C(C(C(F)(F)F)(F)F)(F)F)(F)F)(F)F)F)C(=O)O,49,medium,O=C(O)CC(F)C(F)(F)C(F)(F)C(F)(F)C(F)(F)C(F)(F)F,VRDYFGAPTXONQX-UHFFFAOYSA-N,32.005145816506584,2.4648096308488445
167,165,6:2 FTS_425,C(=C\S(=O)(=O)[O-])/C(C(C(C(C(C(F)(F)F)(F)F)(F)F)(F)F)(F)F)(F)F,63,big,O=S(=O)([O-])C=CC(F)(F)C(F)(F)C(F)(F)C(F)(F)C(F)(F)C(F)(F)F,DPLOQFIHXVSMMN-UHFFFAOYSA-M,-16.6704272,12.518299586183124
168,166,PFHpA,C(=O)(C(C(C(C(C(C(F)(F)F)(F)F)(F)F)(F)F)(F)F)(F)F)[O-],54,medium,O=C([O-])C(F)(F)C(F)(F)C(F)(F)C(F)(F)C(F)(F)C(F)(F)F,ZWBAMYVPMDSJGQ-UHFFFAOYSA-M,-7.533978485,6.638121672999293
169,167,6:2 FTS_393,C(C(=O)[O-])(C(C(C(C(C(C(F)(F)F)(F)F)(F)F)(F)F)(F)F)(F)F)O,58,medium,O=C([O-])C(O)C(F)(F)C(F)(F)C(F)(F)C(F)(F)C(F)(F)C(F)(F)F,VKPVCRZYYZODHS-UHFFFAOYSA-M,32.02919250117128,2.148974014460599
170,168,6:2 FTS_intermediate3,[C-](=O)C(C(C(C(C(C(F)(F)F)(F)F)(F)F)(F)F)(F)F)(F)F,51,medium,O=[C-]C(F)(F)C(F)(F)C(F)(F)C(F)(F)C(F)(F)C(F)(F)F,KTUFOTFGTBQEJN-UHFFFAOYSA-N,-7.809639952,-21.72957595
171,169,6:2 FTS_443,C(C(C(C(C(C(C(C(F)(F)F)(F)F)(F)F)(F)F)(F)F)(F)F)O)S(=O)(=O)[O-],63,big,O=S(=O)([O-])CC(O)C(F)(F)C(F)(F)C(F)(F)C(F)(F)C(F)(F)C(F)(F)F,HIURNVGOZFXYRH-UHFFFAOYSA-M,-15.55175897,-1.78712848
172,170,6:2 FTS_intermediate2,[CH-](C=O)C(C(C(C(C(C(F)(F)F)(F)F)(F)F)(F)F)(F)F)(F)F,53,medium,O=C[CH-]C(F)(F)C(F)(F)C(F)(F)C(F)(F)C(F)(F)C(F)(F)F,OLJUFLRPXWPIQQ-UHFFFAOYSA-N,21.426495639729172,-13.97308538
173,171,6:2 FTS_441,C(C(=O)C(C(C(C(C(C(F)(F)F)(F)F)(F)F)(F)F)(F)F)(F)F)S(=O)(=O)[O-],64,big,O=C(CS(=O)(=O)[O-])C(F)(F)C(F)(F)C(F)(F)C(F)(F)C(F)(F)C(F)(F)F,RYYZCEGLQCTTCQ-UHFFFAOYSA-M,-15.41225957,-1.514873898
174,172,6:2 FTS_intermediate1,C(C[O-])C(C(C(C(C(C(F)(F)F)(F)F)(F)F)(F)F)(F)F)(F)F,51,medium,[O-]CCC(F)(F)C(F)(F)C(F)(F)C(F)(F)C(F)(F)C(F)(F)F,SZIBBSGBFMPQGM-UHFFFAOYSA-N,-7.134635024,0.4206537767601568
175,173,6:2 FTCA,C(C(=O)[O-])C(C(C(C(C(C(F)(F)F)(F)F)(F)F)(F)F)(F)F)(F)F,55,medium,O=C([O-])CC(F)(F)C(F)(F)C(F)(F)C(F)(F)C(F)(F)C(F)(F)F,LRWIIEJPCFNNCZ-UHFFFAOYSA-M,12.287105867316434,0.5436380619414709
176,174,6:2 FTUA,C(=C(/C(C(C(C(C(F)(F)F)(F)F)(F)F)(F)F)(F)F)\F)/C(=O)O,53,medium,O=C(O)C=C(F)C(F)(F)C(F)(F)C(F)(F)C(F)(F)C(F)(F)F,BKOBFLVYTXYFQZ-UHFFFAOYSA-N,-24.25786864,-10.0897005
177,174,6:2 FTUA,C(=C(/C(C(C(C(C(F)(F)F)(F)F)(F)F)(F)F)(F)F)\F)/C(=O)O,53,medium,O=C(O)C=C(F)C(F)(F)C(F)(F)C(F)(F)C(F)(F)C(F)(F)F,BKOBFLVYTXYFQZ-UHFFFAOYSA-N,31.910337335954097,2.791467135883049
178,175,6:2 FTUSA,C(=C\S(=O)(=O)O)/C(C(C(C(C(C(F)(F)F)(F)F)(F)F)(F)F)(F)F)(F)F,60,big,O=S(=O)(O)C=CC(F)(F)C(F)(F)C(F)(F)C(F)(F)C(F)(F)C(F)(F)F,DPLOQFIHXVSMMN-UHFFFAOYSA-N,32.130701249517664,0.7633018568769097
179,176,5:3 FT amide-AcA,C(CC(C(C(C(C(F)(F)F)(F)F)(F)F)(F)F)(F)F)C(=O)NCC(=O)O,53,medium,O=C(O)CNC(=O)CCC(F)(F)C(F)(F)C(F)(F)C(F)(F)C(F)(F)F,MDBSKXYEOFBNES-UHFFFAOYSA-N,16.889679903181026,-15.41397156
180,177,6:2 FTSO2H,C(CS(=O)=O)C(C(C(C(C(C(F)(F)F)(F)F)(F)F)(F)F)(F)F)(F)F,54,medium,O=[SH](=O)CCC(F)(F)C(F)(F)C(F)(F)C(F)(F)C(F)(F)C(F)(F)F,WPWKKWMVUWXXFN-UHFFFAOYSA-N,-27.01827857,-19.10129773
181,178,6:2 FTSAS-SO2,CC(C)(CS(=O)(=O)[O-])NC(=O)CCS(=O)(=O)CCC(C(C(C(C(C(F)(F)F)(F)F)(F)F)(F)F)(F)F)(F)F,83,big,CC(C)(CS(=O)(=O)[O-])NC(=O)CCS(=O)(=O)CCC(F)(F)C(F)(F)C(F)(F)C(F)(F)C(F)(F)C(F)(F)F,RZBHYDQKJKDSNP-UHFFFAOYSA-M,33.209627638550806,2.324832110353593
182,179,6:2 FTSH,C(CS)C(C(C(C(C(C(F)(F)F)(F)F)(F)F)(F)F)(F)F)(F)F,48,medium,FC(F)(F)C(F)(F)C(F)(F)C(F)(F)C(F)(F)C(F)(F)CCS,GTPHVVCYEWPQFE-UHFFFAOYSA-N,-5.325963803,12.869511830784356
183,180,6:2 FTSAS,CC(C)(CS(=O)(=O)[O-])NC(=O)CCSCCC(C(C(C(C(C(F)(F)F)(F)F)(F)F)(F)F)(F)F)(F)F,75,big,CC(C)(CS(=O)(=O)[O-])NC(=O)CCSCCC(F)(F)C(F)(F)C(F)(F)C(F)(F)C(F)(F)C(F)(F)F,DKVATWZCDNHYCW-UHFFFAOYSA-M,-18.38053152,-6.897164056
184,181,6:2 FTSAS-SO,CC(C)(CS(=O)(=O)[O-])NC(=O)CCS(=O)CCC(C(C(C(C(C(F)(F)F)(F)F)(F)F)(F)F)(F)F)(F)F,79,big,CC(C)(CS(=O)(=O)[O-])NC(=O)CCS(=O)CCC(F)(F)C(F)(F)C(F)(F)C(F)(F)C(F)(F)C(F)(F)F,AQNDOJSDPBVJMJ-UHFFFAOYSA-M,-16.44859869,0.551748794
185,182,6:2 FtSOAoS,CC(C)(CS(=O)(=O)O)NC(=O)CCS(=O)CCC(C(C(C(C(C(F)(F)F)(F)F)(F)F)(F)F)(F)F)(F)F,76,big,CC(C)(CS(=O)(=O)O)NC(=O)CCS(=O)CCC(F)(F)C(F)(F)C(F)(F)C(F)(F)C(F)(F)C(F)(F)F,AQNDOJSDPBVJMJ-UHFFFAOYSA-N,26.734869362526943,16.795365229086933
186,183,6:2 FtTAoS,CC(C)(CS(=O)(=O)O)NC(=O)CCSCCC(C(C(C(C(C(F)(F)F)(F)F)(F)F)(F)F)(F)F)(F)F,72,big,CC(C)(CS(=O)(=O)O)NC(=O)CCSCCC(F)(F)C(F)(F)C(F)(F)C(F)(F)C(F)(F)C(F)(F)F,DKVATWZCDNHYCW-UHFFFAOYSA-N,-5.375238523,8.133687753686186
187,184,6:2 monoPAP,C(COP(=O)(O)O)C(C(C(C(C(C(F)(F)F)(F)F)(F)F)(F)F)(F)F)(F)F,57,medium,O=P(O)(O)OCCC(F)(F)C(F)(F)C(F)(F)C(F)(F)C(F)(F)C(F)(F)F,FZTRDYSPWWJCOF-UHFFFAOYSA-N,6.871180046660586,-22.96052338
188,185,6:2 diPAP,C(COP(=O)(O)OCCC(C(C(C(C(C(F)(F)F)(F)F)(F)F)(F)F)(F)F)(F)F)C(C(C(C(C(C(F)(F)F)(F)F)(F)F)(F)F)(F)F)(F)F,102,very big,O=P(O)(OCCC(F)(F)C(F)(F)C(F)(F)C(F)(F)C(F)(F)C(F)(F)F)OCCC(F)(F)C(F)(F)C(F)(F)C(F)(F)C(F)(F)C(F)(F)F,ZDYYWMSLMLTXDM-UHFFFAOYSA-N,6.236236214644161,-19.47558368
189,186,7:3 FTCA_357b,C(C(C(C(C(C(C(F)(F)F)(F)F)(F)F)(F)F)(F)F)O)C(=O)[O-],52,medium,O=C([O-])CC(O)C(F)(F)C(F)(F)C(F)(F)C(F)(F)C(F)(F)F,USTCZZNESVCBNI-UHFFFAOYSA-M,-33.28891432,-6.318164142
190,187,7:3 FTCA_389,C(=C\C(C(C(C(C(C(F)(F)F)(F)F)(F)F)(F)F)(F)F)(F)F)/C(=O)[O-],59,medium,O=C([O-])C=CC(F)(F)C(F)(F)C(F)(F)C(F)(F)C(F)(F)C(F)(F)F,PYWWUCKTKBAQOL-UHFFFAOYSA-M,26.17164636548292,1.7814031490271693
191,188,7:3 FTCA_intermediate2,C(C(=O)[O-])(C(C(C(C(C(C(C(F)(F)F)(F)F)(F)F)(F)F)(F)F)(F)F)(F)F)O,65,big,O=C([O-])C(O)C(F)(F)C(F)(F)C(F)(F)C(F)(F)C(F)(F)C(F)(F)C(F)(F)F,OUFQIKBETYCHEJ-UHFFFAOYSA-M,-21.89799814,-7.33950769
192,189,7:2 FTCA,C(C(=O)[O-])C(C(C(C(C(C(C(F)(F)F)(F)F)(F)F)(F)F)(F)F)(F)F)(F)F,62,big,O=C([O-])CC(F)(F)C(F)(F)C(F)(F)C(F)(F)C(F)(F)C(F)(F)C(F)(F)F,WSEQBIVQCARAMW-UHFFFAOYSA-M,12.287575322956464,0.6593080218636177
193,190,7:3 FTCA_intermediate8,C(C(=O)C(C(C(C(C(C(F)(F)F)(F)F)(F)F)(F)F)(F)F)(F)F)C(=O)[O-],60,big,O=C([O-])CC(=O)C(F)(F)C(F)(F)C(F)(F)C(F)(F)C(F)(F)C(F)(F)F,KNPNAEUHRZMNJN-UHFFFAOYSA-M,-22.47288285,-1.191699324
194,191,7:3 FTCA_439,C(=C\C(C(C(C(C(C(C(F)(F)F)(F)F)(F)F)(F)F)(F)F)(F)F)(F)F)/C(=O)[O-],66,big,O=C([O-])C=CC(F)(F)C(F)(F)C(F)(F)C(F)(F)C(F)(F)C(F)(F)C(F)(F)F,RRROMQAILYJNAL-UHFFFAOYSA-M,-5.388425221,24.250919026498945
195,192,7:3 FTCA_intermediate1,[CH-](C=O)C(C(C(C(C(C(C(F)(F)F)(F)F)(F)F)(F)F)(F)F)(F)F)(F)F,60,big,O=C[CH-]C(F)(F)C(F)(F)C(F)(F)C(F)(F)C(F)(F)C(F)(F)C(F)(F)F,FPNSZTQVQYOZQN-UHFFFAOYSA-N,21.685926432297574,-14.00415636
196,193,7:3 FTCA_407b,C(C(C(=O)[O-])O)C(C(C(C(C(C(F)(F)F)(F)F)(F)F)(F)F)(F)F)(F)F,59,medium,O=C([O-])C(O)CC(F)(F)C(F)(F)C(F)(F)C(F)(F)C(F)(F)C(F)(F)F,LQINMLIYFVAWBV-UHFFFAOYSA-M,26.899066898929224,17.598574312622077
197,194,7:3 FTCA_357a,C(=C(/C(C(C(C(C(F)(F)F)(F)F)(F)F)(F)F)(F)F)\F)/C(=O)[O-],56,medium,O=C([O-])C=C(F)C(F)(F)C(F)(F)C(F)(F)C(F)(F)C(F)(F)F,BKOBFLVYTXYFQZ-UHFFFAOYSA-M,-10.84976363,-9.904358062
198,194,7:3 FTCA_357a,C(=C(/C(C(C(C(C(F)(F)F)(F)F)(F)F)(F)F)(F)F)\F)/C(=O)[O-],56,medium,O=C([O-])C=C(F)C(F)(F)C(F)(F)C(F)(F)C(F)(F)C(F)(F)F,BKOBFLVYTXYFQZ-UHFFFAOYSA-M,-8.424147999,-21.78951718
199,195,7:3 FTCA_intermediate4,C(C(=O)C(C(C(C(C(C(C(F)(F)F)(F)F)(F)F)(F)F)(F)F)(F)F)(F)F)C(=O)[O-],67,big,O=C([O-])CC(=O)C(F)(F)C(F)(F)C(F)(F)C(F)(F)C(F)(F)C(F)(F)C(F)(F)F,NVECEEWNYKTCOF-UHFFFAOYSA-M,-22.46439003,-1.811292517
200,196,7:3 FTCA_457,C(C(C(=O)[O-])O)C(C(C(C(C(C(C(F)(F)F)(F)F)(F)F)(F)F)(F)F)(F)F)(F)F,66,big,O=C([O-])C(O)CC(F)(F)C(F)(F)C(F)(F)C(F)(F)C(F)(F)C(F)(F)C(F)(F)F,WGVNPGHMEQBMJX-UHFFFAOYSA-M,-3.428098849,-14.16029308
201,197,7:3 FTCA,C(CC(C(C(C(C(C(C(F)(F)F)(F)F)(F)F)(F)F)(F)F)(F)F)(F)F)C(=O)[O-],63,big,O=C([O-])CCC(F)(F)C(F)(F)C(F)(F)C(F)(F)C(F)(F)C(F)(F)C(F)(F)F,HLBRGVKRZQSQHB-UHFFFAOYSA-M,26.637854948568915,2.2588500041150796
202,198,PFOA,C(=O)(C(C(C(C(C(C(C(F)(F)F)(F)F)(F)F)(F)F)(F)F)(F)F)(F)F)[O-],61,big,O=C([O-])C(F)(F)C(F)(F)C(F)(F)C(F)(F)C(F)(F)C(F)(F)C(F)(F)F,SNGREZUHAYWORS-UHFFFAOYSA-M,28.64740365160856,-16.41209211
203,199,7:3 FTCA_intermediate3,[C-](=O)C(C(C(C(C(C(C(F)(F)F)(F)F)(F)F)(F)F)(F)F)(F)F)(F)F,58,medium,O=[C-]C(F)(F)C(F)(F)C(F)(F)C(F)(F)C(F)(F)C(F)(F)C(F)(F)F,JWTREOGGMCEKFR-UHFFFAOYSA-N,-8.673742853,3.7705987421350953
204,200,7:3 FTCA_407a,C(=C(\C(C(C(C(C(C(F)(F)F)(F)F)(F)F)(F)F)(F)F)(F)F)/F)/C(=O)[O-],63,big,O=C([O-])C=C(F)C(F)(F)C(F)(F)C(F)(F)C(F)(F)C(F)(F)C(F)(F)F,WGIXJOMRYLUUNW-UHFFFAOYSA-M,-8.451894113,-21.8283229
205,201,6:3 FTCA,C(CC(C(C(C(C(C(F)(F)F)(F)F)(F)F)(F)F)(F)F)(F)F)C(=O)[O-],56,medium,O=C([O-])CCC(F)(F)C(F)(F)C(F)(F)C(F)(F)C(F)(F)C(F)(F)F,AAEJJSZYNKXKSW-UHFFFAOYSA-M,32.30894552829066,1.7727598871515617
206,202,8:2 FT Stearate,CCCCCCCCCCCCCCCCCC(=O)OCCC(C(C(C(C(C(C(C(F)(F)F)(F)F)(F)F)(F)F)(F)F)(F)F)(F)F)(F)F,82,big,CCCCCCCCCCCCCCCCCC(=O)OCCC(F)(F)C(F)(F)C(F)(F)C(F)(F)C(F)(F)C(F)(F)C(F)(F)C(F)(F)F,VXEFJEZHABKUFT-UHFFFAOYSA-N,5.124922244414385,-21.28849725
207,203,8:2 FTOH,C(CO)C(C(C(C(C(C(C(C(F)(F)F)(F)F)(F)F)(F)F)(F)F)(F)F)(F)F)(F)F,62,big,OCCC(F)(F)C(F)(F)C(F)(F)C(F)(F)C(F)(F)C(F)(F)C(F)(F)C(F)(F)F,JJUBFBTUBACDHW-UHFFFAOYSA-N,-3.698893326,-11.22867761
208,204,8:2 FTAC,C=CC(=O)OCCC(C(C(C(C(C(C(C(F)(F)F)(F)F)(F)F)(F)F)(F)F)(F)F)(F)F)(F)F,68,big,C=CC(=O)OCCC(F)(F)C(F)(F)C(F)(F)C(F)(F)C(F)(F)C(F)(F)C(F)(F)C(F)(F)F,QUKRIOLKOHUUBM-UHFFFAOYSA-N,5.895417694070863,-18.7330469
209,205,8:2 FTMAC,C=C(C)C(=O)OCCC(C(C(C(C(C(C(C(F)(F)F)(F)F)(F)F)(F)F)(F)F)(F)F)(F)F)(F)F,71,big,C=C(C)C(=O)OCCC(F)(F)C(F)(F)C(F)(F)C(F)(F)C(F)(F)C(F)(F)C(F)(F)C(F)(F)F,HBZFBSFGXQBQTB-UHFFFAOYSA-N,6.287433951413605,-19.48137403
210,206,7:3 FTUA,C(=C\C(C(C(C(C(C(C(F)(F)F)(F)F)(F)F)(F)F)(F)F)(F)F)(F)F)/C(=O)O,63,big,O=C(O)C=CC(F)(F)C(F)(F)C(F)(F)C(F)(F)C(F)(F)C(F)(F)C(F)(F)F,RRROMQAILYJNAL-UHFFFAOYSA-N,-11.66047519,-1.873233322
211,207,8:2 FTUCA,C(=C(\C(C(C(C(C(C(C(F)(F)F)(F)F)(F)F)(F)F)(F)F)(F)F)(F)F)/F)/C(=O)O,67,big,O=C(O)C=C(F)C(F)(F)C(F)(F)C(F)(F)C(F)(F)C(F)(F)C(F)(F)C(F)(F)F,WHZXTVOEGZRRJM-UHFFFAOYSA-N,32.06706969897849,1.7990767313379765
212,208,7:2 sFTOH,CC(C(C(C(C(C(C(C(F)(F)F)(F)F)(F)F)(F)F)(F)F)(F)F)(F)F)O,55,medium,CC(O)C(F)(F)C(F)(F)C(F)(F)C(F)(F)C(F)(F)C(F)(F)C(F)(F)F,LWKNIRKCYPKSGM-UHFFFAOYSA-N,24.216690946175806,-5.228468021
213,209,7:3 FT Acid,C(CC(C(C(C(C(C(C(F)(F)F)(F)F)(F)F)(F)F)(F)F)(F)F)(F)F)C(=O)O,60,big,O=C(O)CCC(F)(F)C(F)(F)C(F)(F)C(F)(F)C(F)(F)C(F)(F)C(F)(F)F,HLBRGVKRZQSQHB-UHFFFAOYSA-N,14.028314632478095,-9.296715115
214,210,3H-7:2 FT Ketone,CC(=O)C(C(C(C(C(C(C(F)(F)F)(F)F)(F)F)(F)F)(F)F)(F)F)F,53,medium,CC(=O)C(F)C(F)(F)C(F)(F)C(F)(F)C(F)(F)C(F)(F)C(F)(F)F,AUPTYBLOKZHSKH-UHFFFAOYSA-N,32.109031692455545,2.458240810095134
215,211,8:2 FT Aldehyde,C(C=O)C(C(C(C(C(C(C(C(F)(F)F)(F)F)(F)F)(F)F)(F)F)(F)F)(F)F)(F)F,63,big,O=CCC(F)(F)C(F)(F)C(F)(F)C(F)(F)C(F)(F)C(F)(F)C(F)(F)C(F)(F)F,KDGIOTBLYAPNRR-UHFFFAOYSA-N,9.873576776881494,-12.6677927
216,212,3OH-7:3 FT Acid,C(C(C(C(C(C(C(C(C(F)(F)F)(F)F)(F)F)(F)F)(F)F)(F)F)(F)F)O)C(=O)O,63,big,O=C(O)CC(O)C(F)(F)C(F)(F)C(F)(F)C(F)(F)C(F)(F)C(F)(F)C(F)(F)F,DXTFHOPCXPRYCP-UHFFFAOYSA-N,-33.78406433,-6.643914464
217,213,8:2 FTCA,C(C(=O)O)C(C(C(C(C(C(C(C(F)(F)F)(F)F)(F)F)(F)F)(F)F)(F)F)(F)F)(F)F,66,big,O=C(O)CC(F)(F)C(F)(F)C(F)(F)C(F)(F)C(F)(F)C(F)(F)C(F)(F)C(F)(F)F,XTBXSCIWOVSSGB-UHFFFAOYSA-N,9.988951618,-12.84769185
218,214,2H-PFOA,C(C(=O)O)(C(C(C(C(C(C(F)(F)F)(F)F)(F)F)(F)F)(F)F)(F)F)F,55,medium,O=C(O)C(F)C(F)(F)C(F)(F)C(F)(F)C(F)(F)C(F)(F)C(F)(F)F,CLSJUWFCSPJRFC-UHFFFAOYSA-N,-32.32223284,-6.424859048
219,215,7:2 FT Ketone,CC(=O)C(C(C(C(C(C(C(F)(F)F)(F)F)(F)F)(F)F)(F)F)(F)F)(F)F,56,medium,CC(=O)C(F)(F)C(F)(F)C(F)(F)C(F)(F)C(F)(F)C(F)(F)C(F)(F)F,LFMZSQGESVNRLL-UHFFFAOYSA-N,17.666450493183223,-2.918594251
220,216,7:2 olefin,C=CC(C(C(C(C(C(C(F)(F)F)(F)F)(F)F)(F)F)(F)F)(F)F)(F)F,53,medium,C=CC(F)(F)C(F)(F)C(F)(F)C(F)(F)C(F)(F)C(F)(F)C(F)(F)F,RXZWAMINHJDYKW-UHFFFAOYSA-N,8.779946167,8.561920687619823
221,217,3-fluoro 7:3 acid,C(C(C(C(C(C(C(C(C(F)(F)F)(F)F)(F)F)(F)F)(F)F)(F)F)(F)F)F)C(=O)O,63,big,O=C(O)CC(F)C(F)(F)C(F)(F)C(F)(F)C(F)(F)C(F)(F)C(F)(F)C(F)(F)F,CMTAMCYWGPMWNV-UHFFFAOYSA-N,31.79062792049317,2.620716194921469
222,218,8:2 FTCA,C(C(=O)[O-])C(C(C(C(C(C(C(C(F)(F)F)(F)F)(F)F)(F)F)(F)F)(F)F)(F)F)(F)F,69,big,O=C([O-])CC(F)(F)C(F)(F)C(F)(F)C(F)(F)C(F)(F)C(F)(F)C(F)(F)C(F)(F)F,XTBXSCIWOVSSGB-UHFFFAOYSA-M,16.998161910916256,-10.79716008
223,219,8:2 FTOH-Sulf,C(C(C(C(C(F)(F)OS(=O)(=O)[O-])(F)F)(F)F)(F)F)(C(C(C(F)(F)F)(F)F)(F)F)(F)F,73,big,O=S(=O)([O-])OC(F)(F)C(F)(F)C(F)(F)C(F)(F)C(F)(F)C(F)(F)C(F)(F)C(F)(F)F,YQJDGOJKITVCSR-UHFFFAOYSA-M,-11.67190769,4.782579242287151
224,220,PFNA,C(=O)(C(C(C(C(C(C(C(C(F)(F)F)(F)F)(F)F)(F)F)(F)F)(F)F)(F)F)(F)F)[O-],68,big,O=C([O-])C(F)(F)C(F)(F)C(F)(F)C(F)(F)C(F)(F)C(F)(F)C(F)(F)C(F)(F)F,UZUFPBIDKMEQEQ-UHFFFAOYSA-M,-7.610391487,6.632917438261733
225,221,8:2 FTUCA-GSH,C(CC(=O)NC(CS/C(=C\C(=O)[O-])/C(C(C(C(C(C(C(F)(F)F)(F)F)(F)F)(F)F)(F)F)(F)F)(F)F)C(=O)NCC(=O)O)C(C(=O)O)N,105,very big,NC(CCC(=O)NC(CSC(=CC(=O)[O-])C(F)(F)C(F)(F)C(F)(F)C(F)(F)C(F)(F)C(F)(F)C(F)(F)F)C(=O)NCC(=O)O)C(=O)O,ZOYZDBBMBCZXPK-UHFFFAOYSA-M,30.07401292,17.877295072188684
226,222,8:2 FTOH-Gluc,CC1(C(C(=O)O)OC(C)(C(C)(C1(C)O)O)OCCC(C(C(C(C(C(C(C(F)(F)F)(F)F)(F)F)(F)F)(F)F)(F)F)(F)F)(F)F)O,95,very big,CC1(OCCC(F)(F)C(F)(F)C(F)(F)C(F)(F)C(F)(F)C(F)(F)C(F)(F)C(F)(F)F)OC(C(=O)O)C(C)(O)C(C)(O)C1(C)O,MSLDIBGODORUOA-UHFFFAOYSA-N,17.926483765676387,-21.69348179
227,223,8:2 FTUAL-GSH,C(CC(=O)NC(CSC(CC=O)C(C(C(C(C(C(C(F)(F)F)(F)F)(F)F)(F)F)(F)F)(F)F)(F)F)C(=O)NCC(=O)O)C(C(=O)O)N,95,very big,NC(CCC(=O)NC(CSC(CC=O)C(F)(F)C(F)(F)C(F)(F)C(F)(F)C(F)(F)C(F)(F)C(F)(F)F)C(=O)NCC(=O)O)C(=O)O,PLHCDLAVYCBKFR-UHFFFAOYSA-N,5.560980732081956,2.638634181984421
228,224,8:2 FTUAL,C(=C(C(C(C(C(C(C(C(F)(F)F)(F)F)(F)F)(F)F)(F)F)(F)F)(F)F)F)C=O,61,big,O=CC=C(F)C(F)(F)C(F)(F)C(F)(F)C(F)(F)C(F)(F)C(F)(F)C(F)(F)F,LQERGGUGOIACQD-UHFFFAOYSA-N,-2.177656967,10.707165573460816
229,225,7:3 Œ≤-keto aldehyde,C(C=O)C(=O)C(C(C(C(C(C(C(F)(F)F)(F)F)(F)F)(F)F)(F)F)(F)F)(F)F,61,big,O=CCC(=O)C(F)(F)C(F)(F)C(F)(F)C(F)(F)C(F)(F)C(F)(F)C(F)(F)F,RQIOTBIKFNCZMF-UHFFFAOYSA-N,29.188814984527962,-7.321407583
230,226,8:2 FtSO2AoS,CC(C)(CS(=O)(=O)O)NC(=O)CCS(=O)(=O)CCC(C(C(C(C(C(C(C(F)(F)F)(F)F)(F)F)(F)F)(F)F)(F)F)(F)F)(F)F,94,very big,CC(C)(CS(=O)(=O)O)NC(=O)CCS(=O)(=O)CCC(F)(F)C(F)(F)C(F)(F)C(F)(F)C(F)(F)C(F)(F)C(F)(F)C(F)(F)F,DEONGGUSFBJEHM-UHFFFAOYSA-N,-32.58847807,-1.257814733
231,227,8:2 FtTAoS,CC(C)(CS(=O)(=O)O)NC(=O)CCSCCC(C(C(C(C(C(C(C(F)(F)F)(F)F)(F)F)(F)F)(F)F)(F)F)(F)F)(F)F,86,big,CC(C)(CS(=O)(=O)O)NC(=O)CCSCCC(F)(F)C(F)(F)C(F)(F)C(F)(F)C(F)(F)C(F)(F)C(F)(F)C(F)(F)F,JPUVFTMCVQSFAF-UHFFFAOYSA-N,-8.919306842,4.033330491698715
232,228,8:2 FtS,C(CS(=O)(=O)O)C(C(C(C(C(C(C(C(F)(F)F)(F)F)(F)F)(F)F)(F)F)(F)F)(F)F)(F)F,71,big,O=S(=O)(O)CCC(F)(F)C(F)(F)C(F)(F)C(F)(F)C(F)(F)C(F)(F)C(F)(F)C(F)(F)F,ALVYVCQIFHTIRD-UHFFFAOYSA-N,26.802620398965168,16.768706986477426
233,229,8:2 FtSOAoS,CC(C)(CS(=O)(=O)O)NC(=O)CCS(=O)CCC(C(C(C(C(C(C(C(F)(F)F)(F)F)(F)F)(F)F)(F)F)(F)F)(F)F)(F)F,90,very big,CC(C)(CS(=O)(=O)O)NC(=O)CCS(=O)CCC(F)(F)C(F)(F)C(F)(F)C(F)(F)C(F)(F)C(F)(F)C(F)(F)C(F)(F)F,XKGMPVQXAFQLEK-UHFFFAOYSA-N,-8.988660473,4.175350597695717
234,230,8:2 monoPAP,C(COP(=O)(O)O)C(C(C(C(C(C(C(C(F)(F)F)(F)F)(F)F)(F)F)(F)F)(F)F)(F)F)(F)F,71,big,O=P(O)(O)OCCC(F)(F)C(F)(F)C(F)(F)C(F)(F)C(F)(F)C(F)(F)C(F)(F)C(F)(F)F,MIABSAQIFYEDJP-UHFFFAOYSA-N,6.907516436712347,-22.95886882
235,231,AmPr-FBSA,C[NH+](C)CCC[N-]S(=O)(=O)C(C(C(C(F)(F)F)(F)F)(F)F)(F)F,54,medium,C[NH+](C)CCC[N-]S(=O)(=O)C(F)(F)C(F)(F)C(F)(F)C(F)(F)F,OGAXFAAPWWGEJM-UHFFFAOYSA-O,31.09541321658752,-1.400836672
236,232,PFBSi,C(C(C(F)(F)S(=O)=O)(F)F)(C(F)(F)F)(F)F,38,medium,O=[SH](=O)C(F)(F)C(F)(F)C(F)(F)C(F)(F)F,DEYRYUICBQQZQU-UHFFFAOYSA-N,30.279693146954052,-0.536735236
237,233,O-AmPr-FBSA,C[N+](C)(CCCNS(=O)(=O)C(C(C(C(F)(F)F)(F)F)(F)F)(F)F)[O-],56,medium,C[N+](C)([O-])CCCNS(=O)(=O)C(F)(F)C(F)(F)C(F)(F)C(F)(F)F,HQIKMYJOLJOSOX-UHFFFAOYSA-N,-23.68062667,-6.604967534
238,234,FBSA-PrA,C(CNS(=O)(=O)C(C(C(C(F)(F)F)(F)F)(F)F)(F)F)C(=O)O,49,medium,O=C(O)CCNS(=O)(=O)C(F)(F)C(F)(F)C(F)(F)C(F)(F)F,RJBFXGSENMVGCH-UHFFFAOYSA-N,18.991390535008648,-6.204624969
239,235,M-AmPr-FBSA,C[NH2+]CCC[N-]S(=O)(=O)C(C(C(C(F)(F)F)(F)F)(F)F)(F)F,52,medium,C[NH2+]CCC[N-]S(=O)(=O)C(F)(F)C(F)(F)C(F)(F)C(F)(F)F,HMEUNEIWXBGMMV-UHFFFAOYSA-O,29.954094348315913,-9.967949598
240,236,AmPr-FBSA-PrA,C[NH+](C)CCCN(CCC(=O)[O-])S(=O)(=O)C(C(C(C(F)(F)F)(F)F)(F)F)(F)F,64,big,C[NH+](C)CCCN(CCC(=O)[O-])S(=O)(=O)C(F)(F)C(F)(F)C(F)(F)C(F)(F)F,GYXGVPIUSNEEIR-UHFFFAOYSA-N,30.27599610295251,-0.18315813
241,237,FBSAA,C(C(=O)O)NS(=O)(=O)C(C(C(C(F)(F)F)(F)F)(F)F)(F)F,48,medium,O=C(O)CNS(=O)(=O)C(F)(F)C(F)(F)C(F)(F)C(F)(F)F,IIJKOWPVAXZAKE-UHFFFAOYSA-N,19.26565121677242,-13.9826361
242,238,FBSA-PrAn,C(C[N+])C[N-]S(=O)(=O)C(C(C(C(F)(F)F)(F)F)(F)F)(F)F,51,medium,[N+]CCC[N-]S(=O)(=O)C(F)(F)C(F)(F)C(F)(F)C(F)(F)F,NNOIKUHREDVWAI-UHFFFAOYSA-N,-4.011241563,21.910945838068418
243,239,FBSA,C(C(C(F)(F)S(=O)(=O)N)(F)F)(C(F)(F)F)(F)F,41,medium,NS(=O)(=O)C(F)(F)C(F)(F)C(F)(F)C(F)(F)F,FUVKFLJWBHVMHX-UHFFFAOYSA-N,-6.17003321,0.010709546438546809
244,240,N-MeFBSAA,CN(CC(=O)O)S(=O)(=O)C(C(C(C(F)(F)F)(F)F)(F)F)(F)F,49,medium,CN(CC(=O)O)S(=O)(=O)C(F)(F)C(F)(F)C(F)(F)C(F)(F)F,SKGBGOQHXBAKKO-UHFFFAOYSA-N,-12.59461116,9.541714000317164
245,241,PFBS,C(C(C(F)(F)S(=O)(=O)O)(F)F)(C(F)(F)F)(F)F,41,medium,O=S(=O)(O)C(F)(F)C(F)(F)C(F)(F)C(F)(F)F,JGTNAGYHADQMCM-UHFFFAOYSA-N,-15.45707602,0.17901462207466431
246,242,N-EtFBSAA,CCN(CC(=O)O)S(=O)(=O)C(C(C(C(F)(F)F)(F)F)(F)F)(F)F,50,medium,CCN(CC(=O)O)S(=O)(=O)C(F)(F)C(F)(F)C(F)(F)C(F)(F)F,PAOHBPWWJXVFBM-UHFFFAOYSA-N,26.371902241978272,1.956507240667928
247,243,N-MeFHpSAA,CN(CC(=O)O)S(=O)(=O)C(C(C(C(C(C(C(F)(F)F)(F)F)(F)F)(F)F)(F)F)(F)F)(F)F,70,big,CN(CC(=O)O)S(=O)(=O)C(F)(F)C(F)(F)C(F)(F)C(F)(F)C(F)(F)C(F)(F)C(F)(F)F,LPJOBWYEYHXLOK-UHFFFAOYSA-N,30.012339720797197,0.7203473730617457
248,244,O-AmPr-FHpSA,C[N+](C)(CCCNS(=O)(=O)C(C(C(C(C(C(C(F)(F)F)(F)F)(F)F)(F)F)(F)F)(F)F)(F)F)[O-],77,big,C[N+](C)([O-])CCCNS(=O)(=O)C(F)(F)C(F)(F)C(F)(F)C(F)(F)C(F)(F)C(F)(F)C(F)(F)F,IKTYOVKWKVJAFP-UHFFFAOYSA-N,-13.26445032,-0.558955019
249,245,FHpSA-PrA,C(CNS(=O)(=O)C(C(C(C(C(C(C(F)(F)F)(F)F)(F)F)(F)F)(F)F)(F)F)(F)F)C(=O)O,70,big,O=C(O)CCNS(=O)(=O)C(F)(F)C(F)(F)C(F)(F)C(F)(F)C(F)(F)C(F)(F)C(F)(F)F,YCIUMGKHNFKNSR-UHFFFAOYSA-N,-33.12406281,-6.411013524
250,246,FHpSAA,C(C(=O)O)NS(=O)(=O)C(C(C(C(C(C(C(F)(F)F)(F)F)(F)F)(F)F)(F)F)(F)F)(F)F,69,big,O=C(O)CNS(=O)(=O)C(F)(F)C(F)(F)C(F)(F)C(F)(F)C(F)(F)C(F)(F)C(F)(F)F,LAAXCIZXZCKWFF-UHFFFAOYSA-N,27.784626641184303,16.301243155250482
251,247,AmPr-FHpSA,C[NH+](C)CCC[N-]S(=O)(=O)C(C(C(C(C(C(C(F)(F)F)(F)F)(F)F)(F)F)(F)F)(F)F)(F)F,75,big,C[NH+](C)CCC[N-]S(=O)(=O)C(F)(F)C(F)(F)C(F)(F)C(F)(F)C(F)(F)C(F)(F)C(F)(F)F,MXMAWYGDOPJTGG-UHFFFAOYSA-O,15.203695593697296,-11.4927682
252,248,N-EtFHpSAA,CCN(CC(=O)O)S(=O)(=O)C(C(C(C(C(C(C(F)(F)F)(F)F)(F)F)(F)F)(F)F)(F)F)(F)F,71,big,CCN(CC(=O)O)S(=O)(=O)C(F)(F)C(F)(F)C(F)(F)C(F)(F)C(F)(F)C(F)(F)C(F)(F)F,IOQHTIQMCISFKB-UHFFFAOYSA-N,7.340218883713931,17.715867969204844
253,249,AmPr-FHpSA-PrA,C[N+](C)CCCN(CCC(=O)[O-])S(=O)(=O)C(C(C(C(C(C(C(F)(F)F)(F)F)(F)F)(F)F)(F)F)(F)F)(F)F,84,big,C[N+](C)CCCN(CCC(=O)[O-])S(=O)(=O)C(F)(F)C(F)(F)C(F)(F)C(F)(F)C(F)(F)C(F)(F)C(F)(F)F,VFMMVOCUMGRBTL-UHFFFAOYSA-M,27.12992703347796,16.298946959358315
254,250,PFHpS,C(C(C(C(F)(F)F)(F)F)(F)F)(C(C(C(F)(F)S(=O)(=O)O)(F)F)(F)F)(F)F,62,big,O=S(=O)(O)C(F)(F)C(F)(F)C(F)(F)C(F)(F)C(F)(F)C(F)(F)C(F)(F)F,OYGQVDSRYXATEL-UHFFFAOYSA-N,27.480945776130167,15.885668293638735
255,251,PFHpSi,C(C(C(C(F)(F)F)(F)F)(F)F)(C(C(C(F)(F)S(=O)=O)(F)F)(F)F)(F)F,59,medium,O=[SH](=O)C(F)(F)C(F)(F)C(F)(F)C(F)(F)C(F)(F)C(F)(F)C(F)(F)F,HIGWWAXSYVZPJR-UHFFFAOYSA-N,-2.827012961,-19.83146918
256,252,FHpSA-PrAn,C(C[N+])C[N-]S(=O)(=O)C(C(C(C(C(C(C(F)(F)F)(F)F)(F)F)(F)F)(F)F)(F)F)(F)F,72,big,[N+]CCC[N-]S(=O)(=O)C(F)(F)C(F)(F)C(F)(F)C(F)(F)C(F)(F)C(F)(F)C(F)(F)F,IAHHLQZMNITZCX-UHFFFAOYSA-N,19.790240829897353,0.4770996230800726
257,253,M-AmPr-FHpSA,C[NH2+]CCC[N-]S(=O)(=O)C(C(C(C(C(C(C(F)(F)F)(F)F)(F)F)(F)F)(F)F)(F)F)(F)F,73,big,C[NH2+]CCC[N-]S(=O)(=O)C(F)(F)C(F)(F)C(F)(F)C(F)(F)C(F)(F)C(F)(F)C(F)(F)F,CGXZSBXMTGIUIW-UHFFFAOYSA-O,30.67296380863967,-3.719675172
258,254,FHpSA,C(C(C(C(F)(F)F)(F)F)(F)F)(C(C(C(F)(F)S(=O)(=O)N)(F)F)(F)F)(F)F,62,big,NS(=O)(=O)C(F)(F)C(F)(F)C(F)(F)C(F)(F)C(F)(F)C(F)(F)C(F)(F)F,ZYBNLNNCZHCXAC-UHFFFAOYSA-N,4.605494442793696,3.0846306781386557
259,255,AmPr-FHxSA,CN(C)CCCNS(=O)(=O)C(C(C(C(C(C(F)(F)F)(F)F)(F)F)(F)F)(F)F)(F)F,61,big,CN(C)CCCNS(=O)(=O)C(F)(F)C(F)(F)C(F)(F)C(F)(F)C(F)(F)C(F)(F)F,INDOGKYZYLAGEM-UHFFFAOYSA-N,-8.999926092,-7.068325061
260,256,N-EtFHxSAA,CCN(CC(=O)O)S(=O)(=O)C(C(C(C(C(C(F)(F)F)(F)F)(F)F)(F)F)(F)F)(F)F,64,big,CCN(CC(=O)O)S(=O)(=O)C(F)(F)C(F)(F)C(F)(F)C(F)(F)C(F)(F)C(F)(F)F,ISFCQODURJEALJ-UHFFFAOYSA-N,26.473712679230854,1.9809940153961783
261,257,PFHxSi,C(C(C(C(F)(F)S(=O)=O)(F)F)(F)F)(C(C(F)(F)F)(F)F)(F)F,52,medium,O=[SH](=O)C(F)(F)C(F)(F)C(F)(F)C(F)(F)C(F)(F)C(F)(F)F,MBOVYIOUPFHQAO-UHFFFAOYSA-N,-3.461006138,-14.79201496
262,258,PFHxS,C(C(C(C(F)(F)S(=O)(=O)O)(F)F)(F)F)(C(C(F)(F)F)(F)F)(F)F,55,medium,O=S(=O)(O)C(F)(F)C(F)(F)C(F)(F)C(F)(F)C(F)(F)C(F)(F)F,QZHDEAJFRJCDMF-UHFFFAOYSA-N,27.400731708383567,15.650916611173752
263,259,FHxSA,C(C(C(C(F)(F)S(=O)(=O)N)(F)F)(F)F)(C(C(F)(F)F)(F)F)(F)F,55,medium,NS(=O)(=O)C(F)(F)C(F)(F)C(F)(F)C(F)(F)C(F)(F)C(F)(F)F,WDZLGCSJJWEQJO-UHFFFAOYSA-N,27.140899359337187,16.09517844287936
264,260,FSxSAA,C(C(=O)O)[N-]S(=O)(=O)C(C(C(C(C(C(F)(F)F)(F)F)(F)F)(F)F)(F)F)(F)F,65,big,O=C(O)C[N-]S(=O)(=O)C(F)(F)C(F)(F)C(F)(F)C(F)(F)C(F)(F)C(F)(F)F,JPJMMYNIRJHUFI-UHFFFAOYSA-N,32.274728403347225,1.9498817869479623
265,261,AmPr-FHxSA-TP2,C(C[NH3+])C[N-]S(=O)(=O)C(C(C(C(C(C(F)(F)F)(F)F)(F)F)(F)F)(F)F)(F)F,67,big,[NH3+]CCC[N-]S(=O)(=O)C(F)(F)C(F)(F)C(F)(F)C(F)(F)C(F)(F)C(F)(F)F,KHGLZJPYTKGGIG-UHFFFAOYSA-O,31.862772155235554,2.632276786709756
266,262,FHxSA-PrA,C(C[N-]S(=O)(=O)C(C(C(C(C(C(F)(F)F)(F)F)(F)F)(F)F)(F)F)(F)F)C(=O)O,66,big,O=C(O)CC[N-]S(=O)(=O)C(F)(F)C(F)(F)C(F)(F)C(F)(F)C(F)(F)C(F)(F)F,WTAHNRWTZDPBPP-UHFFFAOYSA-N,31.966206783470717,2.4697838587358136
267,263,AmPr-FHxSA-TP3,C(C[N-]S(=O)(=O)C(C(C(C(C(C(F)(F)F)(F)F)(F)F)(F)F)(F)F)(F)F)C=O,63,big,O=CCC[N-]S(=O)(=O)C(F)(F)C(F)(F)C(F)(F)C(F)(F)C(F)(F)C(F)(F)F,SCFSWFJOZWFEPI-UHFFFAOYSA-N,31.413906653751777,-1.56528406
268,264,PFHxSi,C(C(C(C(F)(F)S(=O)[O-])(F)F)(F)F)(C(C(F)(F)F)(F)F)(F)F,54,medium,O=S([O-])C(F)(F)C(F)(F)C(F)(F)C(F)(F)C(F)(F)C(F)(F)F,IYYLVCKNCOIEJX-UHFFFAOYSA-M,-22.10155487,-7.467527175
269,265,PFHxS,C(C(C(C(F)(F)S(=O)(=O)[O-])(F)F)(F)F)(C(C(F)(F)F)(F)F)(F)F,58,medium,O=S(=O)([O-])C(F)(F)C(F)(F)C(F)(F)C(F)(F)C(F)(F)C(F)(F)F,QZHDEAJFRJCDMF-UHFFFAOYSA-M,-9.641634674,7.1877179322753815
270,266,OAmPr-FHxSA,C[N+](C)(CCC[N-]S(=O)(=O)C(C(C(C(C(C(F)(F)F)(F)F)(F)F)(F)F)(F)F)(F)F)[O-],73,big,C[N+](C)([O-])CCC[N-]S(=O)(=O)C(F)(F)C(F)(F)C(F)(F)C(F)(F)C(F)(F)C(F)(F)F,GYUMZOLTMNIHME-UHFFFAOYSA-N,-8.695120059,16.643902258747705
271,267,AmPr-FHxSA,C[NH+](C)CCC[N-]S(=O)(=O)C(C(C(C(C(C(F)(F)F)(F)F)(F)F)(F)F)(F)F)(F)F,68,big,C[NH+](C)CCC[N-]S(=O)(=O)C(F)(F)C(F)(F)C(F)(F)C(F)(F)C(F)(F)C(F)(F)F,PWCZPHBZZTYGGK-UHFFFAOYSA-O,31.14128281679763,-1.64233469
272,268,M-AmPr-FHxSA,C[NH2+]CCC[N-]S(=O)(=O)C(C(C(C(C(C(F)(F)F)(F)F)(F)F)(F)F)(F)F)(F)F,66,big,C[NH2+]CCC[N-]S(=O)(=O)C(F)(F)C(F)(F)C(F)(F)C(F)(F)C(F)(F)C(F)(F)F,NIHQOAOJQVLBPT-UHFFFAOYSA-O,8.805999243,8.475147381784698
273,269,N-MeFHxSAA,CN(CC(=O)O)S(=O)(=O)C(C(C(C(C(C(F)(F)F)(F)F)(F)F)(F)F)(F)F)(F)F,63,big,CN(CC(=O)O)S(=O)(=O)C(F)(F)C(F)(F)C(F)(F)C(F)(F)C(F)(F)C(F)(F)F,YGKAWLSSJSOXNM-UHFFFAOYSA-N,26.775177823876177,14.790770713438954
274,270,FHxSA-PrA,C(CNS(=O)(=O)C(C(C(C(C(C(F)(F)F)(F)F)(F)F)(F)F)(F)F)(F)F)C(=O)O,63,big,O=C(O)CCNS(=O)(=O)C(F)(F)C(F)(F)C(F)(F)C(F)(F)C(F)(F)C(F)(F)F,KAOGRAQZTKDYIY-UHFFFAOYSA-N,-13.61321438,-1.146224148
275,271,FHxSAA,C(C(=O)O)NS(=O)(=O)C(C(C(C(C(C(F)(F)F)(F)F)(F)F)(F)F)(F)F)(F)F,62,big,O=C(O)CNS(=O)(=O)C(F)(F)C(F)(F)C(F)(F)C(F)(F)C(F)(F)C(F)(F)F,QMSAJIZZWDYZCW-UHFFFAOYSA-N,24.17108438970555,-13.59825763
276,272,FHxSA-PrAn,C(C[N+])C[N-]S(=O)(=O)C(C(C(C(C(C(F)(F)F)(F)F)(F)F)(F)F)(F)F)(F)F,65,big,[N+]CCC[N-]S(=O)(=O)C(F)(F)C(F)(F)C(F)(F)C(F)(F)C(F)(F)C(F)(F)F,QBQQNUIKHVUWTJ-UHFFFAOYSA-N,30.53422570069539,-13.27808514
277,273,O-AmPr-FHxSA,C[N+](C)(CCCNS(=O)(=O)C(C(C(C(C(C(F)(F)F)(F)F)(F)F)(F)F)(F)F)(F)F)[O-],70,big,C[N+](C)([O-])CCCNS(=O)(=O)C(F)(F)C(F)(F)C(F)(F)C(F)(F)C(F)(F)C(F)(F)F,AJHOIKIILYAOBA-UHFFFAOYSA-N,23.449066243083735,5.655354338642078
278,274,M-AmPr-FHxSA,C[N+]CCC[N-]S(=O)(=O)C(C(C(C(C(C(F)(F)F)(F)F)(F)F)(F)F)(F)F)(F)F,64,big,C[N+]CCC[N-]S(=O)(=O)C(F)(F)C(F)(F)C(F)(F)C(F)(F)C(F)(F)C(F)(F)F,YZDXINGFFBUWPW-UHFFFAOYSA-N,27.724504128345576,16.32507896223918
279,275,AmPr-FHxSA-PrA,C[N+](C)CCCN(CCC(=O)[O-])S(=O)(=O)C(C(C(C(C(C(F)(F)F)(F)F)(F)F)(F)F)(F)F)(F)F,77,big,C[N+](C)CCCN(CCC(=O)[O-])S(=O)(=O)C(F)(F)C(F)(F)C(F)(F)C(F)(F)C(F)(F)C(F)(F)F,KVUZRLRMQJMZBV-UHFFFAOYSA-M,26.12453815389032,1.6868700528587772
280,276,FOSAA,C(C(=O)O)NS(=O)(=O)C(C(C(C(C(C(C(C(F)(F)F)(F)F)(F)F)(F)F)(F)F)(F)F)(F)F)(F)F,76,big,O=C(O)CNS(=O)(=O)C(F)(F)C(F)(F)C(F)(F)C(F)(F)C(F)(F)C(F)(F)C(F)(F)C(F)(F)F,AYLOUUCBACYHAB-UHFFFAOYSA-N,22.396022440662115,-11.42161367
281,277,M-AmPr-FOSA,C[NH2+]CCC[N-]S(=O)(=O)C(C(C(C(C(C(C(C(F)(F)F)(F)F)(F)F)(F)F)(F)F)(F)F)(F)F)(F)F,80,big,C[NH2+]CCC[N-]S(=O)(=O)C(F)(F)C(F)(F)C(F)(F)C(F)(F)C(F)(F)C(F)(F)C(F)(F)C(F)(F)F,QUQDPVUYSNZJST-UHFFFAOYSA-O,31.863248618167848,3.258367877402096
282,278,O-AmPr-FOSA,C[N+](C)(CCCNS(=O)(=O)C(C(C(C(C(C(C(C(F)(F)F)(F)F)(F)F)(F)F)(F)F)(F)F)(F)F)(F)F)[O-],84,big,C[N+](C)([O-])CCCNS(=O)(=O)C(F)(F)C(F)(F)C(F)(F)C(F)(F)C(F)(F)C(F)(F)C(F)(F)C(F)(F)F,NPRHMPPFGZNNJX-UHFFFAOYSA-N,-8.559988323,-7.133793885
283,279,AmPr-FOSA,C[NH+](C)CCC[N-]S(=O)(=O)C(C(C(C(C(C(C(C(F)(F)F)(F)F)(F)F)(F)F)(F)F)(F)F)(F)F)(F)F,82,big,C[NH+](C)CCC[N-]S(=O)(=O)C(F)(F)C(F)(F)C(F)(F)C(F)(F)C(F)(F)C(F)(F)C(F)(F)C(F)(F)F,ILTXPJQTAVSKDE-UHFFFAOYSA-O,27.526082375562755,15.87914994289156
284,280,N-MeFOSAA,CN(CC(=O)O)S(=O)(=O)C(C(C(C(C(C(C(C(F)(F)F)(F)F)(F)F)(F)F)(F)F)(F)F)(F)F)(F)F,77,big,CN(CC(=O)O)S(=O)(=O)C(F)(F)C(F)(F)C(F)(F)C(F)(F)C(F)(F)C(F)(F)C(F)(F)C(F)(F)F,QNDHIRFIMVNHBN-UHFFFAOYSA-N,29.376724114675522,0.3814315846424696
285,281,FOSA-PrA,C(CNS(=O)(=O)C(C(C(C(C(C(C(C(F)(F)F)(F)F)(F)F)(F)F)(F)F)(F)F)(F)F)(F)F)C(=O)O,77,big,O=C(O)CCNS(=O)(=O)C(F)(F)C(F)(F)C(F)(F)C(F)(F)C(F)(F)C(F)(F)C(F)(F)C(F)(F)F,XODISSAMZUDOQA-UHFFFAOYSA-N,19.489639760479648,-9.26434314
286,282,N-EtFOSAA,CCN(CC(=O)O)S(=O)(=O)C(C(C(C(C(C(C(C(F)(F)F)(F)F)(F)F)(F)F)(F)F)(F)F)(F)F)(F)F,78,big,CCN(CC(=O)O)S(=O)(=O)C(F)(F)C(F)(F)C(F)(F)C(F)(F)C(F)(F)C(F)(F)C(F)(F)C(F)(F)F,CKRXVVGETMYFIO-UHFFFAOYSA-N,7.340218883713931,17.715867969204844
287,283,FOSA-PrAn,C(C[N+])C[N-]S(=O)(=O)C(C(C(C(C(C(C(C(F)(F)F)(F)F)(F)F)(F)F)(F)F)(F)F)(F)F)(F)F,79,big,[N+]CCC[N-]S(=O)(=O)C(F)(F)C(F)(F)C(F)(F)C(F)(F)C(F)(F)C(F)(F)C(F)(F)C(F)(F)F,GTUXAIIWLDDSGR-UHFFFAOYSA-N,30.507868249646467,-13.29774828
288,284,FOSA,C(C(C(C(C(F)(F)S(=O)(=O)N)(F)F)(F)F)(F)F)(C(C(C(F)(F)F)(F)F)(F)F)(F)F,69,big,NS(=O)(=O)C(F)(F)C(F)(F)C(F)(F)C(F)(F)C(F)(F)C(F)(F)C(F)(F)C(F)(F)F,RRRXPPIDPYTNJG-UHFFFAOYSA-N,-5.942042453,-9.91371164
289,285,AmPr-FOSA-PrA,C[N+](C)CCCN(CCC(=O)[O-])S(=O)(=O)C(C(C(C(C(C(C(C(F)(F)F)(F)F)(F)F)(F)F)(F)F)(F)F)(F)F)(F)F,91,very big,C[N+](C)CCCN(CCC(=O)[O-])S(=O)(=O)C(F)(F)C(F)(F)C(F)(F)C(F)(F)C(F)(F)C(F)(F)C(F)(F)C(F)(F)F,HBZPDQFJYMPSAU-UHFFFAOYSA-M,26.13112124,1.685257089995134
290,286,PFOSi,C(C(C(C(C(F)(F)S(=O)=O)(F)F)(F)F)(F)F)(C(C(C(F)(F)F)(F)F)(F)F)(F)F,66,big,O=[SH](=O)C(F)(F)C(F)(F)C(F)(F)C(F)(F)C(F)(F)C(F)(F)C(F)(F)C(F)(F)F,ODQDMKJQCXWECR-UHFFFAOYSA-N,26.66977544243026,-8.659913949
291,287,PFOS,C(C(C(C(C(F)(F)S(=O)(=O)O)(F)F)(F)F)(F)F)(C(C(C(F)(F)F)(F)F)(F)F)(F)F,69,big,O=S(=O)(O)C(F)(F)C(F)(F)C(F)(F)C(F)(F)C(F)(F)C(F)(F)C(F)(F)C(F)(F)F,YFSUTJLHUFNCNZ-UHFFFAOYSA-N,27.40155420210872,16.023192440398624
292,288,AmPr-FPeSA-PrA,C[N+](C)CCCN(CCC(=O)[O-])S(=O)(=O)C(C(C(C(C(F)(F)F)(F)F)(F)F)(F)F)(F)F,70,big,C[N+](C)CCCN(CCC(=O)[O-])S(=O)(=O)C(F)(F)C(F)(F)C(F)(F)C(F)(F)C(F)(F)F,UUTALSKUEZIRBG-UHFFFAOYSA-M,-22.46175729,-0.878538737
293,289,O-AmPr-FPeSA,C[N+](C)(CCCNS(=O)(=O)C(C(C(C(C(F)(F)F)(F)F)(F)F)(F)F)(F)F)[O-],63,big,C[N+](C)([O-])CCCNS(=O)(=O)C(F)(F)C(F)(F)C(F)(F)C(F)(F)C(F)(F)F,MHGNTUMFVTYUDG-UHFFFAOYSA-N,-24.14680816,-9.443062323
294,290,FPeSA-PrA,C(CNS(=O)(=O)C(C(C(C(C(F)(F)F)(F)F)(F)F)(F)F)(F)F)C(=O)O,56,medium,O=C(O)CCNS(=O)(=O)C(F)(F)C(F)(F)C(F)(F)C(F)(F)C(F)(F)F,AXNOOZOMOPIDDF-UHFFFAOYSA-N,-12.39133051,-1.297058193
295,291,FPeSAA,C(C(=O)O)NS(=O)(=O)C(C(C(C(C(F)(F)F)(F)F)(F)F)(F)F)(F)F,55,medium,O=C(O)CNS(=O)(=O)C(F)(F)C(F)(F)C(F)(F)C(F)(F)C(F)(F)F,LQFCGTRMRYTKLO-UHFFFAOYSA-N,28.90160522408935,16.991088083779523
296,292,PFPeSi,C(C(C(F)(F)F)(F)F)(C(C(F)(F)S(=O)=O)(F)F)(F)F,45,medium,O=[SH](=O)C(F)(F)C(F)(F)C(F)(F)C(F)(F)C(F)(F)F,DIEDXXJXBQIPEP-UHFFFAOYSA-N,26.64057265962408,1.705754707220582
297,293,FPeSA-PrAn,C(C[N+])C[N-]S(=O)(=O)C(C(C(C(C(F)(F)F)(F)F)(F)F)(F)F)(F)F,58,medium,[N+]CCC[N-]S(=O)(=O)C(F)(F)C(F)(F)C(F)(F)C(F)(F)C(F)(F)F,PMTSVMOWLJWLPM-UHFFFAOYSA-N,15.964794699081427,0.72925098
298,294,AmPr-FPeSA,C[N+](C)CCC[N-]S(=O)(=O)C(C(C(C(C(F)(F)F)(F)F)(F)F)(F)F)(F)F,60,big,C[N+](C)CCC[N-]S(=O)(=O)C(F)(F)C(F)(F)C(F)(F)C(F)(F)C(F)(F)F,BMKUPWUNXJMAHR-UHFFFAOYSA-N,26.24330362020648,1.5709030763984206
299,295,PFPeS,C(C(C(F)(F)F)(F)F)(C(C(F)(F)S(=O)(=O)O)(F)F)(F)F,48,medium,O=S(=O)(O)C(F)(F)C(F)(F)C(F)(F)C(F)(F)C(F)(F)F,ACEKLXZRZOWKRY-UHFFFAOYSA-N,-11.75450741,10.24071490133531
300,296,FPeSA,C(C(C(F)(F)F)(F)F)(C(C(F)(F)S(=O)(=O)N)(F)F)(F)F,48,medium,NS(=O)(=O)C(F)(F)C(F)(F)C(F)(F)C(F)(F)C(F)(F)F,KTCODRNGNIXYDE-UHFFFAOYSA-N,5.760615134971887,7.439401384587643
301,297,M-AmPr-FPeSA,C[N+]CCC[N-]S(=O)(=O)C(C(C(C(C(F)(F)F)(F)F)(F)F)(F)F)(F)F,57,medium,C[N+]CCC[N-]S(=O)(=O)C(F)(F)C(F)(F)C(F)(F)C(F)(F)C(F)(F)F,BQAYBIGKFFZXFT-UHFFFAOYSA-N,-11.28195258,7.601655627409015
302,298,N-EtFPeSAA,CCN(CC(=O)O)S(=O)(=O)C(C(C(C(C(F)(F)F)(F)F)(F)F)(F)F)(F)F,57,medium,CCN(CC(=O)O)S(=O)(=O)C(F)(F)C(F)(F)C(F)(F)C(F)(F)C(F)(F)F,MJELJHFNXRAPHF-UHFFFAOYSA-N,-11.71140206,5.501718819891921
303,299,N-MeFPeSAA,CN(CC(=O)O)S(=O)(=O)C(C(C(C(C(F)(F)F)(F)F)(F)F)(F)F)(F)F,56,medium,CN(CC(=O)O)S(=O)(=O)C(F)(F)C(F)(F)C(F)(F)C(F)(F)C(F)(F)F,PCJKVWPGABCQGW-UHFFFAOYSA-N,28.86516938752315,1.0032577598762964
304,300,CEt-AmPr-FBSA-PrA,C[N+](C)(CCCN(CCC(=O)[O-])S(=O)(=O)C(C(C(C(F)(F)F)(F)F)(F)F)(F)F)CCC(=O)[O-],76,big,C[N+](C)(CCCN(CCC(=O)[O-])S(=O)(=O)C(F)(F)C(F)(F)C(F)(F)C(F)(F)F)CCC(=O)[O-],MCEHNRJGXCTCKQ-UHFFFAOYSA-M,-27.26584214,3.782944767841215
305,301,Cet-AmPr-FHpAd,C[N+](C)(CCCNC(=O)C(C(C(C(C(C(C(F)(F)F)(F)F)(F)F)(F)F)(F)F)(F)F)(F)F)CCC(=O)[O-],80,big,C[N+](C)(CCCNC(=O)C(F)(F)C(F)(F)C(F)(F)C(F)(F)C(F)(F)C(F)(F)C(F)(F)F)CCC(=O)[O-],JREGIWWPXUQSBC-UHFFFAOYSA-N,-27.08146035,3.802177034563916
306,302,FHpAd-PrA,C(CNC(=O)C(C(C(C(C(C(C(F)(F)F)(F)F)(F)F)(F)F)(F)F)(F)F)(F)F)C(=O)O,66,big,O=C(O)CCNC(=O)C(F)(F)C(F)(F)C(F)(F)C(F)(F)C(F)(F)C(F)(F)C(F)(F)F,WIPMNTYSSRXAND-UHFFFAOYSA-N,32.05184808,1.7339647652523877
307,303,AmPr-FHpAd,CN(C)CCCNC(=O)C(C(C(C(C(C(C(F)(F)F)(F)F)(F)F)(F)F)(F)F)(F)F)(F)F,64,big,CN(C)CCCNC(=O)C(F)(F)C(F)(F)C(F)(F)C(F)(F)C(F)(F)C(F)(F)C(F)(F)F,STMOMAISLIDGHH-UHFFFAOYSA-N,-2.715330609,-19.95203741
308,304,OAmPr-FHpAd,C[N+](C)(CCCNC(=O)C(C(C(C(C(C(C(F)(F)F)(F)F)(F)F)(F)F)(F)F)(F)F)(F)F)[O-],73,big,C[N+](C)([O-])CCCNC(=O)C(F)(F)C(F)(F)C(F)(F)C(F)(F)C(F)(F)C(F)(F)C(F)(F)F,YHXVORTWNXVWIA-UHFFFAOYSA-N,18.41762685360138,-2.51142692
309,305,FHpAd-PrAn,C(CN)CNC(=O)C(C(C(C(C(C(C(F)(F)F)(F)F)(F)F)(F)F)(F)F)(F)F)(F)F,62,big,NCCCNC(=O)C(F)(F)C(F)(F)C(F)(F)C(F)(F)C(F)(F)C(F)(F)C(F)(F)F,YIQVOMZDSOSAQY-UHFFFAOYSA-N,27.35992680877186,17.889359592273472
310,306,M-AmPr-FHpAd,CNCCCNC(=O)C(C(C(C(C(C(C(F)(F)F)(F)F)(F)F)(F)F)(F)F)(F)F)(F)F,61,big,CNCCCNC(=O)C(F)(F)C(F)(F)C(F)(F)C(F)(F)C(F)(F)C(F)(F)C(F)(F)F,CIHUQYRKXMQLDI-UHFFFAOYSA-N,29.62082981424092,0.9287665797293848
311,307,PFPrDiA,C(=O)(C(C(=O)O)(F)F)O,21,small,O=C(O)C(F)(F)C(=O)O,LIHVFFFGWFBSAT-UHFFFAOYSA-N,-7.972220137,-18.22944921
312,308,DFTA,C(CO)C(C(C(C(C(CC(C(C(C(F)(F)F)(F)F)(F)F)(F)F)(F)F)(F)F)(F)F)(F)F)(F)F,70,big,OCCC(F)(F)C(F)(F)C(F)(F)C(F)(F)C(F)(F)CC(F)(F)C(F)(F)C(F)(F)C(F)(F)F,XETVAXJOHQIQKB-UHFFFAOYSA-N,-3.479783288,-14.77781852
313,309,4H-4-PFUOA,C(=C(\C(C(C(F)(F)F)(F)F)(F)F)/F)/C(C(C(=O)O)(F)F)(F)F,53,medium,O=C(O)C(F)(F)C(F)(F)C=C(F)C(F)(F)C(F)(F)C(F)(F)F,IJQRBRVPZMJBTA-UHFFFAOYSA-N,-3.462782356,-14.80575292
314,310,5H-4-PFUOA,C(=C(\C(C(C(=O)O)(F)F)(F)F)/F)/C(C(C(C(F)(F)F)(F)F)(F)F)(F)F,60,big,O=C(O)C(F)(F)C(F)(F)C(F)=CC(F)(F)C(F)(F)C(F)(F)C(F)(F)F,YVTQCRKQLRTFCG-UHFFFAOYSA-N,32.37064860353508,2.2384422296343534
315,311,6H-6-PFUOA,C(=C(\C(C(C(F)(F)F)(F)F)(F)F)/F)/C(C(C(C(C(=O)O)(F)F)(F)F)(F)F)(F)F,67,big,O=C(O)C(F)(F)C(F)(F)C(F)(F)C(F)(F)C=C(F)C(F)(F)C(F)(F)C(F)(F)F,ZNFTUYQJGBTNDV-UHFFFAOYSA-N,17.847810019321894,-2.922123242
316,312,"2H,2H,8H,8H-PFDoA",C(C(=O)O)C(C(C(C(C(CC(C(C(C(F)(F)F)(F)F)(F)F)(F)F)(F)F)(F)F)(F)F)(F)F)(F)F,74,big,O=C(O)CC(F)(F)C(F)(F)C(F)(F)C(F)(F)C(F)(F)CC(F)(F)C(F)(F)C(F)(F)C(F)(F)F,SBVPNSCUXKFSLE-UHFFFAOYSA-N,-2.286157114,-15.65222322
317,313,5H-5-PFUOA,C(=C(\C(C(C(F)(F)F)(F)F)(F)F)/F)/C(C(C(C(=O)O)(F)F)(F)F)(F)F,60,big,O=C(O)C(F)(F)C(F)(F)C(F)(F)C=C(F)C(F)(F)C(F)(F)C(F)(F)F,GLZPNOSQIXWAGX-UHFFFAOYSA-N,5.775085190682975,17.39264152557492
318,314,PFHxDiA,C(=O)(C(C(C(C(C(=O)O)(F)F)(F)F)(F)F)(F)F)O,42,medium,O=C(O)C(F)(F)C(F)(F)C(F)(F)C(F)(F)C(=O)O,AXRSOGFYDSXLQX-UHFFFAOYSA-N,4.110721897188186,-12.47747506
319,315,"2H,8H,8H-2-PFUDoA",C(=C(\C(C(C(C(CC(C(C(C(F)(F)F)(F)F)(F)F)(F)F)(F)F)(F)F)(F)F)(F)F)/F)/C(=O)O,75,big,O=C(O)C=C(F)C(F)(F)C(F)(F)C(F)(F)C(F)(F)CC(F)(F)C(F)(F)C(F)(F)C(F)(F)F,RMYPQKNLXUXTFZ-UHFFFAOYSA-N,20.449016198398507,-10.99501919
320,316,"2H,8H-2,8-PFUDoA",C(=C(\C(C(C(C(/C=C(/C(C(C(F)(F)F)(F)F)(F)F)\F)(F)F)(F)F)(F)F)(F)F)/F)/C(=O)O,76,big,O=C(O)C=C(F)C(F)(F)C(F)(F)C(F)(F)C(F)(F)C=C(F)C(F)(F)C(F)(F)C(F)(F)F,YBHZNIRKOSXPLA-UHFFFAOYSA-N,32.771982567938174,1.6299223908456313
321,317,4H-3-PFUOA,C(=C(\C(C(=O)O)(F)F)/F)/C(C(C(C(F)(F)F)(F)F)(F)F)(F)F,53,medium,O=C(O)C(F)(F)C(F)=CC(F)(F)C(F)(F)C(F)(F)C(F)(F)F,JSBAAVPRTSOXFE-UHFFFAOYSA-N,14.813182550648193,0.2423259239819099
322,318,6H-5-PFUOA,C(=C(\C(C(C(C(=O)O)(F)F)(F)F)(F)F)/F)/C(C(C(C(F)(F)F)(F)F)(F)F)(F)F,67,big,O=C(O)C(F)(F)C(F)(F)C(F)(F)C(F)=CC(F)(F)C(F)(F)C(F)(F)C(F)(F)F,PQFUIHDRZJMRGH-UHFFFAOYSA-N,28.96462921261063,17.49633344524274
323,319,"2H,8H-2,7-PFUDoA",C(=C(\C(C(C(/C(=C/C(C(C(C(F)(F)F)(F)F)(F)F)(F)F)/F)(F)F)(F)F)(F)F)/F)/C(=O)O,76,big,O=C(O)C=C(F)C(F)(F)C(F)(F)C(F)(F)C(F)=CC(F)(F)C(F)(F)C(F)(F)C(F)(F)F,NZPLNEAQRLWFQZ-UHFFFAOYSA-N,32.04855251,2.9060337760724293
324,320,PFPeDiA,C(=O)(C(C(C(C(=O)O)(F)F)(F)F)(F)F)O,35,medium,O=C(O)C(F)(F)C(F)(F)C(F)(F)C(=O)O,CCUWGJDGLACFQT-UHFFFAOYSA-N,-7.935977609,-18.19938495
325,321,PFBDiA,C(=O)(C(C(C(=O)O)(F)F)(F)F)O,28,small,O=C(O)C(F)(F)C(F)(F)C(=O)O,YUDUFRYTKFGQCL-UHFFFAOYSA-N,-3.490428257,-14.80231184
326,322,EtFOSE Aldehyde,CCN(CC=O)S(=O)(=O)C(C(C(C(C(C(C(C(F)(F)F)(F)F)(F)F)(F)F)(F)F)(F)F)(F)F)(F)F,75,big,CCN(CC=O)S(=O)(=O)C(F)(F)C(F)(F)C(F)(F)C(F)(F)C(F)(F)C(F)(F)C(F)(F)C(F)(F)F,XTDWNFSGEJYBPD-UHFFFAOYSA-N,26.470712546815797,1.9048051260480447
327,323,FOSE,C(CO)NS(=O)(=O)C(C(C(C(C(C(C(C(F)(F)F)(F)F)(F)F)(F)F)(F)F)(F)F)(F)F)(F)F,72,big,O=S(=O)(NCCO)C(F)(F)C(F)(F)C(F)(F)C(F)(F)C(F)(F)C(F)(F)C(F)(F)C(F)(F)F,AZJIYAIYELWMPL-UHFFFAOYSA-N,-30.25221497,-6.854296251
328,324,FOSA Aldehyde,C(C=O)NS(=O)(=O)C(C(C(C(C(C(C(C(F)(F)F)(F)F)(F)F)(F)F)(F)F)(F)F)(F)F)(F)F,73,big,O=CCNS(=O)(=O)C(F)(F)C(F)(F)C(F)(F)C(F)(F)C(F)(F)C(F)(F)C(F)(F)C(F)(F)F,DTKWOQZHQQMDSO-UHFFFAOYSA-N,20.430151764048116,-7.010312697
329,325,N-EtFOSE,CCN(CCO)S(=O)(=O)C(C(C(C(C(C(C(C(F)(F)F)(F)F)(F)F)(F)F)(F)F)(F)F)(F)F)(F)F,74,big,CCN(CCO)S(=O)(=O)C(F)(F)C(F)(F)C(F)(F)C(F)(F)C(F)(F)C(F)(F)C(F)(F)C(F)(F)F,HUFHNYZNTFSKCT-UHFFFAOYSA-N,30.128584426192496,1.6889907798757602
330,326,N-EtFOSA,CCNS(=O)(=O)C(C(C(C(C(C(C(C(F)(F)F)(F)F)(F)F)(F)F)(F)F)(F)F)(F)F)(F)F,69,big,CCNS(=O)(=O)C(F)(F)C(F)(F)C(F)(F)C(F)(F)C(F)(F)C(F)(F)C(F)(F)C(F)(F)F,CCEKAJIANROZEO-UHFFFAOYSA-N,-6.021437665,-9.937238899
331,327,"Hexamethylene-1,6-di(8:2 fluorotelomer urethane)",C(CCCNC(=O)OCCC(C(C(C(C(C(C(C(F)(F)F)(F)F)(F)F)(F)F)(F)F)(F)F)(F)F)(F)F)CCNC(=O)OCCC(C(C(C(C(C(C(C(F)(F)F)(F)F)(F)F)(F)F)(F)F)(F)F)(F)F)(F)F,140,very big,O=C(NCCCCCCNC(=O)OCCC(F)(F)C(F)(F)C(F)(F)C(F)(F)C(F)(F)C(F)(F)C(F)(F)C(F)(F)F)OCCC(F)(F)C(F)(F)C(F)(F)C(F)(F)C(F)(F)C(F)(F)C(F)(F)C(F)(F)F,ZZPHVBISPDCCKL-UHFFFAOYSA-N,-33.32331682,-6.345660811
332,328,PFOSI,C(C(C(C(C(F)(F)S(=O)O)(F)F)(F)F)(F)F)(C(C(C(F)(F)F)(F)F)(F)F)(F)F,65,big,O=S(O)C(F)(F)C(F)(F)C(F)(F)C(F)(F)C(F)(F)C(F)(F)C(F)(F)C(F)(F)F,DFCYBFLXCKGZML-UHFFFAOYSA-N,-0.576911055,-25.55790006
333,329,PFHxSAmS-Primary Amine,C(CN)CNS(=O)(=O)C(C(C(C(C(C(F)(F)F)(F)F)(F)F)(F)F)(F)F)(F)F,59,medium,NCCCNS(=O)(=O)C(F)(F)C(F)(F)C(F)(F)C(F)(F)C(F)(F)C(F)(F)F,HNNXJRYSGJHZSQ-UHFFFAOYSA-N,-29.98390457,-7.087684303
334,330,PFHxSAmS-Aldehyde,C(CNS(=O)(=O)C(C(C(C(C(C(F)(F)F)(F)F)(F)F)(F)F)(F)F)(F)F)C=O,60,big,O=CCCNS(=O)(=O)C(F)(F)C(F)(F)C(F)(F)C(F)(F)C(F)(F)C(F)(F)F,PVZBVAJZWYEMRF-UHFFFAOYSA-N,-30.0913934,-6.832116722
335,331,PFHxSAmS,C[N+](C)(C)CCCNS(=O)(=O)C(C(C(C(C(C(F)(F)F)(F)F)(F)F)(F)F)(F)F)(F)F,67,big,C[N+](C)(C)CCCNS(=O)(=O)C(F)(F)C(F)(F)C(F)(F)C(F)(F)C(F)(F)C(F)(F)F,OWBYGXNKMFLAMD-UHFFFAOYSA-N,24.95242257480976,0.7004172367493622
336,332,PFHxSAmS-Secondary Amine,CNCCCNS(=O)(=O)C(C(C(C(C(C(F)(F)F)(F)F)(F)F)(F)F)(F)F)(F)F,58,medium,CNCCCNS(=O)(=O)C(F)(F)C(F)(F)C(F)(F)C(F)(F)C(F)(F)C(F)(F)F,RZNOCGYUCRRPCI-UHFFFAOYSA-N,-24.34670685,-9.989110968
337,333,PFOANO_TP_457.0159,C(CO)NC(=O)C(C(C(C(C(C(C(F)(F)F)(F)F)(F)F)(F)F)(F)F)(F)F)(F)F,61,big,O=C(NCCO)C(F)(F)C(F)(F)C(F)(F)C(F)(F)C(F)(F)C(F)(F)C(F)(F)F,ZATOFJIVPAZTIE-UHFFFAOYSA-N,17.875840001373035,-2.435652097
338,334,PFOANO_TP_455.00025,C(C=O)NC(=O)C(C(C(C(C(C(C(F)(F)F)(F)F)(F)F)(F)F)(F)F)(F)F)(F)F,62,big,O=CCNC(=O)C(F)(F)C(F)(F)C(F)(F)C(F)(F)C(F)(F)C(F)(F)C(F)(F)F,VCWMBPUCYNETON-UHFFFAOYSA-N,-8.78807705,3.8931556788747437
339,335,PFOANO_TP_412.98969,C(=O)(C(C(C(C(C(C(C(F)(F)F)(F)F)(F)F)(F)F)(F)F)(F)F)(F)F)N,58,medium,NC(=O)C(F)(F)C(F)(F)C(F)(F)C(F)(F)C(F)(F)C(F)(F)C(F)(F)F,UGMUDSKJLAUMTC-UHFFFAOYSA-N,16.159615325866458,-2.742726698
340,336,PFOANO_TP_470.99517,C(C(=O)O)NC(=O)C(C(C(C(C(C(C(F)(F)F)(F)F)(F)F)(F)F)(F)F)(F)F)(F)F,65,big,O=C(O)CNC(=O)C(F)(F)C(F)(F)C(F)(F)C(F)(F)C(F)(F)C(F)(F)C(F)(F)F,KZYDHGQYENTJQK-UHFFFAOYSA-N,22.052887701992415,-14.08891111
341,337,PFOANO_TP_469.0159,C(CNC(=O)C(C(C(C(C(C(C(F)(F)F)(F)F)(F)F)(F)F)(F)F)(F)F)(F)F)C=O,63,big,O=CCCNC(=O)C(F)(F)C(F)(F)C(F)(F)C(F)(F)C(F)(F)C(F)(F)C(F)(F)F,KOYKTJBGTDDHHT-UHFFFAOYSA-N,32.43343025317658,1.8510747215655066
342,338,PFOANO_TP_441.02099,CCNC(=O)C(C(C(C(C(C(C(F)(F)F)(F)F)(F)F)(F)F)(F)F)(F)F)(F)F,58,medium,CCNC(=O)C(F)(F)C(F)(F)C(F)(F)C(F)(F)C(F)(F)C(F)(F)C(F)(F)F,XSXMZXBMPHWDLH-UHFFFAOYSA-N,-10.50263113,-9.425718252
343,339,Hydroxylated-PFOSB_1,C[N+](C)(CC(C[N-]S(=O)(=O)C(C(C(C(C(C(C(C(F)(F)F)(F)F)(F)F)(F)F)(F)F)(F)F)(F)F)(F)F)O)CC(=O)[O-],96,very big,C[N+](C)(CC(=O)[O-])CC(O)C[N-]S(=O)(=O)C(F)(F)C(F)(F)C(F)(F)C(F)(F)C(F)(F)C(F)(F)C(F)(F)C(F)(F)F,AABMKJQMTYBMPV-UHFFFAOYSA-M,29.863274351626345,0.5633527690756129
344,340,Sulfonamide Primary Amine,C(C[NH3+])C[N-]S(=O)(=O)C(C(C(C(C(C(C(C(F)(F)F)(F)F)(F)F)(F)F)(F)F)(F)F)(F)F)(F)F,81,big,[NH3+]CCC[N-]S(=O)(=O)C(F)(F)C(F)(F)C(F)(F)C(F)(F)C(F)(F)C(F)(F)C(F)(F)C(F)(F)F,OEGLTCYBZVDGMA-UHFFFAOYSA-O,-9.214567245,7.846124473297915
345,341,N-demethylated-PFOSB,C[NH+](CCC[N-]S(=O)(=O)C(C(C(C(C(C(C(C(F)(F)F)(F)F)(F)F)(F)F)(F)F)(F)F)(F)F)(F)F)CC(=O)[O-],91,very big,C[NH+](CCC[N-]S(=O)(=O)C(F)(F)C(F)(F)C(F)(F)C(F)(F)C(F)(F)C(F)(F)C(F)(F)C(F)(F)F)CC(=O)[O-],SVYSGDHLSWDNJS-UHFFFAOYSA-N,32.33583329086456,1.883912625378767
346,342,Hydroxylated-PFOSB_2,C[N+](C)(CC(=O)[O-])C(CC[N-]S(=O)(=O)C(C(C(C(C(C(C(C(F)(F)F)(F)F)(F)F)(F)F)(F)F)(F)F)(F)F)(F)F)O,96,very big,C[N+](C)(CC(=O)[O-])C(O)CC[N-]S(=O)(=O)C(F)(F)C(F)(F)C(F)(F)C(F)(F)C(F)(F)C(F)(F)C(F)(F)C(F)(F)F,JDHGVJPRLJEAKF-UHFFFAOYSA-M,-29.20322616,-18.58647905
347,343,PFOSI,C(C(C(C(C(F)(F)[S-](=O)=O)(F)F)(F)F)(F)F)(C(C(C(F)(F)F)(F)F)(F)F)(F)F,69,big,O=[S-](=O)C(F)(F)C(F)(F)C(F)(F)C(F)(F)C(F)(F)C(F)(F)C(F)(F)C(F)(F)F,HTDKCBYCZDXXBD-UHFFFAOYSA-N,14.918298130378354,-2.912416873
348,344,Hydroxylated-PFOSB_3,C[N+](C)(CCC([N-]S(=O)(=O)C(C(C(C(C(C(C(C(F)(F)F)(F)F)(F)F)(F)F)(F)F)(F)F)(F)F)(F)F)O)CC(=O)[O-],96,very big,C[N+](C)(CCC(O)[N-]S(=O)(=O)C(F)(F)C(F)(F)C(F)(F)C(F)(F)C(F)(F)C(F)(F)C(F)(F)C(F)(F)F)CC(=O)[O-],RJCOUKFPNHQSDG-UHFFFAOYSA-M,27.284807014703816,17.050310275461612
349,345,FOSA,C(C(C(C(C(F)(F)S(=O)(=O)[NH-])(F)F)(F)F)(F)F)(C(C(C(F)(F)F)(F)F)(F)F)(F)F,73,big,[NH-]S(=O)(=O)C(F)(F)C(F)(F)C(F)(F)C(F)(F)C(F)(F)C(F)(F)C(F)(F)C(F)(F)F,ADORIDAQIIRSBL-UHFFFAOYSA-N,8.383228154659358,7.545102194035845
350,346,PFOS,C(C(C(C(C(F)(F)S(=O)(=O)[O-])(F)F)(F)F)(F)F)(C(C(C(F)(F)F)(F)F)(F)F)(F)F,72,big,O=S(=O)([O-])C(F)(F)C(F)(F)C(F)(F)C(F)(F)C(F)(F)C(F)(F)C(F)(F)C(F)(F)F,YFSUTJLHUFNCNZ-UHFFFAOYSA-M,-9.62307602,5.471686454689571
351,347,FOSAA,C(C(=O)[O-])[N-]S(=O)(=O)C(C(C(C(C(C(C(C(F)(F)F)(F)F)(F)F)(F)F)(F)F)(F)F)(F)F)(F)F,82,big,O=C([O-])C[N-]S(=O)(=O)C(F)(F)C(F)(F)C(F)(F)C(F)(F)C(F)(F)C(F)(F)C(F)(F)C(F)(F)F,QGEMXTYOKLJLNR-UHFFFAOYSA-M,30.784784497436544,-3.715436328
352,348,Sulfonamide Propionate,C(C[N-]S(=O)(=O)C(C(C(C(C(C(C(C(F)(F)F)(F)F)(F)F)(F)F)(F)F)(F)F)(F)F)(F)F)C(=O)[O-],83,big,O=C([O-])CC[N-]S(=O)(=O)C(F)(F)C(F)(F)C(F)(F)C(F)(F)C(F)(F)C(F)(F)C(F)(F)C(F)(F)F,QQZSDCQDSWTJEX-UHFFFAOYSA-M,31.91994619267448,2.4457714829803603
353,349,PFOSB,C[N+](C)(CCC[N-]S(=O)(=O)C(C(C(C(C(C(C(C(F)(F)F)(F)F)(F)F)(F)F)(F)F)(F)F)(F)F)(F)F)CC(=O)[O-],93,very big,C[N+](C)(CCC[N-]S(=O)(=O)C(F)(F)C(F)(F)C(F)(F)C(F)(F)C(F)(F)C(F)(F)C(F)(F)C(F)(F)F)CC(=O)[O-],SBCCVBSXHKQBRP-UHFFFAOYSA-M,17.01086878377495,-2.657820493
354,350,S-OHPrAmPr-FHxSA,C[N+](C)(CCCNS(=O)(=O)C(C(C(C(C(C(F)(F)F)(F)F)(F)F)(F)F)(F)F)(F)F)CC(CS(=O)(=O)O)O,82,big,C[N+](C)(CCCNS(=O)(=O)C(F)(F)C(F)(F)C(F)(F)C(F)(F)C(F)(F)C(F)(F)F)CC(O)CS(=O)(=O)O,MEXQEENXUFLERY-UHFFFAOYSA-O,-27.25488442,3.3387752063016403
355,351,MeFHxSA,CN(C)S(=O)(=O)C(C(C(C(C(C(F)(F)F)(F)F)(F)F)(F)F)(F)F)(F)F,57,medium,CN(C)S(=O)(=O)C(F)(F)C(F)(F)C(F)(F)C(F)(F)C(F)(F)C(F)(F)F,XXWVQQPYWSIJGT-UHFFFAOYSA-N,29.56271157471226,0.7574211148198683
356,352,S-OHPrAmPr-FHxSA-OHPrS,C[N+](C)(CCCN(CC(CS(=O)(=O)O)O)S(=O)(=O)C(C(C(C(C(C(F)(F)F)(F)F)(F)F)(F)F)(F)F)(F)F)CC(CS(=O)(=O)O)O,100,very big,C[N+](C)(CCCN(CC(O)CS(=O)(=O)O)S(=O)(=O)C(F)(F)C(F)(F)C(F)(F)C(F)(F)C(F)(F)C(F)(F)F)CC(O)CS(=O)(=O)O,HQILQIXAHVRCNF-UHFFFAOYSA-O,-27.39045132,3.3437612652234527
357,353,SAmPAP Monoester,CCN(CCOP(=O)(O)O)S(=O)(=O)C(C(C(C(C(C(C(C(F)(F)F)(F)F)(F)F)(F)F)(F)F)(F)F)(F)F)(F)F,83,big,CCN(CCOP(=O)(O)O)S(=O)(=O)C(F)(F)C(F)(F)C(F)(F)C(F)(F)C(F)(F)C(F)(F)C(F)(F)C(F)(F)F,JRSUJBJSUYPODE-UHFFFAOYSA-N,26.070628506991998,1.8390333279253528
358,354,SAmPAP Diester,CCN(CCOP(=O)(O)OCCN(CC)S(=O)(=O)C(C(C(C(C(C(C(C(F)(F)F)(F)F)(F)F)(F)F)(F)F)(F)F)(F)F)(F)F)S(=O)(=O)C(C(C(C(C(C(C(C(F)(F)F)(F)F)(F)F)(F)F)(F)F)(F)F)(F)F)(F)F,156,very big,CCN(CCOP(=O)(O)OCCN(CC)S(=O)(=O)C(F)(F)C(F)(F)C(F)(F)C(F)(F)C(F)(F)C(F)(F)C(F)(F)C(F)(F)F)S(=O)(=O)C(F)(F)C(F)(F)C(F)(F)C(F)(F)C(F)(F)C(F)(F)C(F)(F)C(F)(F)F,BZZAKKWGRKFWJJ-UHFFFAOYSA-N,29.119784309459742,1.3856765508371445
359,355,SPr-FHxSA,C(CNS(=O)(=O)C(C(C(C(C(C(F)(F)F)(F)F)(F)F)(F)F)(F)F)(F)F)CS(=O)(=O)O,68,big,O=S(=O)(O)CCCNS(=O)(=O)C(F)(F)C(F)(F)C(F)(F)C(F)(F)C(F)(F)C(F)(F)F,IFYYQLFVVGOIPH-UHFFFAOYSA-N,-33.448783,-8.49447335
360,356,SPrAmPr-FHxSA,C[N+](C)(CCCNS(=O)(=O)C(C(C(C(C(C(F)(F)F)(F)F)(F)F)(F)F)(F)F)(F)F)CCCS(=O)(=O)O,79,big,C[N+](C)(CCCNS(=O)(=O)C(F)(F)C(F)(F)C(F)(F)C(F)(F)C(F)(F)C(F)(F)F)CCCS(=O)(=O)O,HQZMVHMXSNFQPY-UHFFFAOYSA-O,-33.56484481,-7.721150235
361,357,SPrAmPr-FHxSAA,C[N+](C)(CCCN(CC(=O)O)S(=O)(=O)C(C(C(C(C(C(F)(F)F)(F)F)(F)F)(F)F)(F)F)(F)F)CCCS(=O)(=O)O,88,big,C[N+](C)(CCCN(CC(=O)O)S(=O)(=O)C(F)(F)C(F)(F)C(F)(F)C(F)(F)C(F)(F)C(F)(F)F)CCCS(=O)(=O)O,ULXXTBSQAWPGEP-UHFFFAOYSA-O,30.042157095767415,-0.126682469
362,358,SPrAmPr-FHxSAPrS,C[N+](C)(CCCN(CCCS(=O)(=O)O)S(=O)(=O)C(C(C(C(C(C(F)(F)F)(F)F)(F)F)(F)F)(F)F)(F)F)CCCS(=O)(=O)O,94,very big,C[N+](C)(CCCN(CCCS(=O)(=O)O)S(=O)(=O)C(F)(F)C(F)(F)C(F)(F)C(F)(F)C(F)(F)C(F)(F)F)CCCS(=O)(=O)O,XJWXHAVPVAKYGX-UHFFFAOYSA-O,30.273358993906427,0.002220259
363,359,OAmPr-FBSA,C[N+](C)(CCC[N-]S(=O)(=O)C(C(C(C(F)(F)F)(F)F)(F)F)(F)F)[O-],59,medium,C[N+](C)([O-])CCC[N-]S(=O)(=O)C(F)(F)C(F)(F)C(F)(F)C(F)(F)F,LLPGAPCUVRRSDF-UHFFFAOYSA-N,31.177645290620507,-2.134437756
364,360,TAmPr-FBSA,C[N+](C)(C)CCC[N-]S(=O)(=O)C(C(C(C(F)(F)F)(F)F)(F)F)(F)F,56,medium,C[N+](C)(C)CCC[N-]S(=O)(=O)C(F)(F)C(F)(F)C(F)(F)C(F)(F)F,BJPYLMDBQHZKRL-UHFFFAOYSA-N,32.080170928126556,2.685701467477092
365,361,TAmPr-FBSA-AA,C[N+](C)(C)CCCN(CC(=O)[O-])S(=O)(=O)C(C(C(C(F)(F)F)(F)F)(F)F)(F)F,65,big,C[N+](C)(C)CCCN(CC(=O)[O-])S(=O)(=O)C(F)(F)C(F)(F)C(F)(F)C(F)(F)F,AUKCOJGVBNCPSH-UHFFFAOYSA-N,29.378873538185278,0.402250358
366,362,TAmPr-FHxSA-AA,C[N+](C)(C)CCCN(CC(=O)[O-])S(=O)(=O)C(C(C(C(C(C(F)(F)F)(F)F)(F)F)(F)F)(F)F)(F)F,79,big,C[N+](C)(C)CCCN(CC(=O)[O-])S(=O)(=O)C(F)(F)C(F)(F)C(F)(F)C(F)(F)C(F)(F)C(F)(F)F,PHLQZHXBMDKUNG-UHFFFAOYSA-N,29.380095467630333,0.4603411661867218
367,363,TAmPr-FHxSA,C[N+](C)(C)CCC[N-]S(=O)(=O)C(C(C(C(C(C(F)(F)F)(F)F)(F)F)(F)F)(F)F)(F)F,70,big,C[N+](C)(C)CCC[N-]S(=O)(=O)C(F)(F)C(F)(F)C(F)(F)C(F)(F)C(F)(F)C(F)(F)F,IYEGKHOUXHEZTH-UHFFFAOYSA-N,-9.80272576,7.584908021426552
368,364,TAmPr-FPeSA,C[N+](C)(C)CCC[N-]S(=O)(=O)C(C(C(C(C(F)(F)F)(F)F)(F)F)(F)F)(F)F,63,big,C[N+](C)(C)CCC[N-]S(=O)(=O)C(F)(F)C(F)(F)C(F)(F)C(F)(F)C(F)(F)F,VDIXZEWCLSWEQX-UHFFFAOYSA-N,32.10847156196444,2.590755173782181
369,365,OAmPr-FPeSA,C[N+](C)(CCC[N-]S(=O)(=O)C(C(C(C(C(F)(F)F)(F)F)(F)F)(F)F)(F)F)[O-],66,big,C[N+](C)([O-])CCC[N-]S(=O)(=O)C(F)(F)C(F)(F)C(F)(F)C(F)(F)C(F)(F)F,HPMSTWOEZBYACQ-UHFFFAOYSA-N,31.197016146343156,-2.020442713
370,366,AmPr-FPeSA,C[NH+](C)CCC[N-]S(=O)(=O)C(C(C(C(C(F)(F)F)(F)F)(F)F)(F)F)(F)F,61,big,C[NH+](C)CCC[N-]S(=O)(=O)C(F)(F)C(F)(F)C(F)(F)C(F)(F)C(F)(F)F,LOXRPANBDRJCBX-UHFFFAOYSA-O,-8.918695373,7.0686840951028636
371,367,TAmPr-FPeSA-AA,C[N+](C)(C)CCCN(CC(=O)[O-])S(=O)(=O)C(C(C(C(C(F)(F)F)(F)F)(F)F)(F)F)(F)F,72,big,C[N+](C)(C)CCCN(CC(=O)[O-])S(=O)(=O)C(F)(F)C(F)(F)C(F)(F)C(F)(F)C(F)(F)F,AFGCUTYSZLJLTN-UHFFFAOYSA-N,29.19956427384858,0.3885237465273626
372,368,"Toluene-2,4-di(8:2 fluorotelomer urethane)",CC1=CC=C(C=C1NC(=O)OCCC(C(C(C(C(C(C(C(F)(F)F)(F)F)(F)F)(F)F)(F)F)(F)F)(F)F)(F)F)NC(=O)OCCC(C(C(C(C(C(C(C(F)(F)F)(F)F)(F)F)(F)F)(F)F)(F)F)(F)F)(F)F,146,very big,Cc1ccc(NC(=O)OCCC(F)(F)C(F)(F)C(F)(F)C(F)(F)C(F)(F)C(F)(F)C(F)(F)C(F)(F)F)cc1NC(=O)OCCC(F)(F)C(F)(F)C(F)(F)C(F)(F)C(F)(F)C(F)(F)C(F)(F)C(F)(F)F,WXFBMNOVXVBRPY-UHFFFAOYSA-N,29.984934531232238,-1.761981542
373,369,FESOH,C(CSC(C(F)OC(C(C(F)(F)F)(F)F)(F)F)(F)F)O,40,medium,OCCSC(F)(F)C(F)OC(F)(F)C(F)(F)C(F)(F)F,LHDNIAQMOXWLLQ-UHFFFAOYSA-N,28.387703931005188,4.298593237699173
374,370,"1,1,2-trifluoro-2-(perfluoropropoxy)ethan-1-ol",C(C(F)(F)O)(F)OC(C(C(F)(F)F)(F)F)(F)F,37,medium,OC(F)(F)C(F)OC(F)(F)C(F)(F)C(F)(F)F,OKWLCLLGKXUCJL-UHFFFAOYSA-N,7.617499198420705,-5.821362558
375,371,monoFESOS,C(CSC(C(F)OC(C(C(F)(F)F)(F)F)(F)F)(F)F)OC(=O)C(CC(=O)O)S(=O)(=O)O,65,big,O=C(O)CC(C(=O)OCCSC(F)(F)C(F)OC(F)(F)C(F)(F)C(F)(F)F)S(=O)(=O)O,OKABBYZRBJNOFH-UHFFFAOYSA-N,31.342219340500687,3.887728177
376,372,PFPrA,C(=O)(C(C(F)(F)F)(F)F)O,23,small,O=C(O)C(F)(F)C(F)(F)F,LRMSQVBRUNSOJL-UHFFFAOYSA-N,-3.419292057,-14.78575613
377,373,diFESOS,C(CSC(C(F)OC(C(C(F)(F)F)(F)F)(F)F)(F)F)OC(=O)CC(C(=O)OCCSC(C(F)OC(C(C(F)(F)F)(F)F)(F)F)(F)F)S(=O)(=O)O,102,very big,O=C(CC(C(=O)OCCSC(F)(F)C(F)OC(F)(F)C(F)(F)C(F)(F)F)S(=O)(=O)O)OCCSC(F)(F)C(F)OC(F)(F)C(F)(F)C(F)(F)F,NCWCLWXESLPYDV-UHFFFAOYSA-N,-22.2317168,6.902704046120034
378,374,2H-3:2 PFECA,C(C(=O)O)(F)OC(C(C(F)(F)F)(F)F)(F)F,35,medium,O=C(O)C(F)OC(F)(F)C(F)(F)C(F)(F)F,SOPKUPKNOTUECV-UHFFFAOYSA-N,28.33051574736013,0.3328482757449606
379,375,2H-3:2 PFESA,C(C(F)(F)S(=O)(=O)O)(F)OC(C(C(F)(F)F)(F)F)(F)F,46,medium,O=S(=O)(O)C(F)(F)C(F)OC(F)(F)C(F)(F)C(F)(F)F,OLQKBWLFPYHHAD-UHFFFAOYSA-N,7.309880315,5.750761025487465
380,376,FESCA,C(C(=O)O)SC(C(F)OC(C(C(F)(F)F)(F)F)(F)F)(F)F,44,medium,O=C(O)CSC(F)(F)C(F)OC(F)(F)C(F)(F)C(F)(F)F,JDJPDQHSPWYMJO-UHFFFAOYSA-N,33.089750301572124,4.557235163224917
381,377,2-fluoro-2-(perfluoropropoxy)acetyl fluoride,C(=O)(C(F)OC(C(C(F)(F)F)(F)F)(F)F)F,35,medium,O=C(F)C(F)OC(F)(F)C(F)(F)C(F)(F)F,OKZBMGGHOIFUDX-UHFFFAOYSA-N,31.010144726265406,-1.71460143